Unnamed: 0,timestamp,yr,mo,day,hr,m,s,surf_dist,depth,gal
4541,2025-03-16 06:51:18.086551,2025.0,3.0,16.0,6.0,51.0,18.0,24.73625,30.39,1107.0
4542,2025-03-16 06:51:34.503286,2025.0,3.0,16.0,6.0,51.0,34.0,24.76,30.36,1106.0
4543,2025-03-16 06:51:50.910911,2025.0,3.0,16.0,6.0,51.0,50.0,24.76,30.36,1106.0
4544,2025-03-16 06:52:06.882278,2025.0,3.0,16.0,6.0,52.0,6.0,24.76,30.36,1106.0
4545,2025-03-16 06:52:22.852358,2025.0,3.0,16.0,6.0,52.0,22.0,24.7175,30.41,1108.0
4546,2025-03-16 06:52:39.250023,2025.0,3.0,16.0,6.0,52.0,39.0,24.74125,30.38,1107.0
4547,2025-03-16 06:52:55.667253,2025.0,3.0,16.0,6.0,52.0,55.0,24.74125,30.38,1107.0
4548,2025-03-16 06:53:11.634429,2025.0,3.0,16.0,6.0,53.0,11.0,24.76,30.36,1106.0
4549,2025-03-16 06:53:28.046032,2025.0,3.0,16.0,6.0,53.0,28.0,24.76,30.36,1106.0
4550,2025-03-16 06:53:43.995197,2025.0,3.0,16.0,6.0,53.0,43.0,24.76,30.36,1106.0
4551,2025-03-16 06:53:59.962118,2025.0,3.0,16.0,6.0,53.0,59.0,24.76,30.36,1106.0
4552,2025-03-16 06:54:15.924671,2025.0,3.0,16.0,6.0,54.0,15.0,24.76,30.36,1106.0
4553,2025-03-16 06:54:31.892983,2025.0,3.0,16.0,6.0,54.0,31.0,24.71,30.42,1108.0
4554,2025-03-16 06:54:48.300876,2025.0,3.0,16.0,6.0,54.0,48.0,24.96625,30.16,1098.0
4555,2025-03-16 06:55:04.718872,2025.0,3.0,16.0,6.0,55.0,4.0,24.79375,30.33,1105.0
4556,2025-03-16 06:55:21.135761,2025.0,3.0,16.0,6.0,55.0,21.0,31.28875,23.84,846.0
4557,2025-03-16 06:55:37.536834,2025.0,3.0,16.0,6.0,55.0,37.0,24.32125,30.8,1124.0
4558,2025-03-16 06:55:53.935964,2025.0,3.0,16.0,6.0,55.0,53.0,24.485,30.64,1117.0
4559,2025-03-16 06:56:10.356766,2025.0,3.0,16.0,6.0,56.0,10.0,24.3,30.83,1124.0
4560,2025-03-16 06:56:26.772827,2025.0,3.0,16.0,6.0,56.0,26.0,24.3,30.83,1124.0
4561,2025-03-16 06:56:42.739396,2025.0,3.0,16.0,6.0,56.0,42.0,24.315,30.81,1124.0
4562,2025-03-16 06:56:59.151079,2025.0,3.0,16.0,6.0,56.0,59.0,24.32,30.8,1124.0
4563,2025-03-16 06:57:15.542697,2025.0,3.0,16.0,6.0,57.0,15.0,24.32,30.8,1124.0
4564,2025-03-16 06:57:31.483576,2025.0,3.0,16.0,6.0,57.0,31.0,24.33,30.8,1123.0
4565,2025-03-16 06:57:47.884401,2025.0,3.0,16.0,6.0,57.0,47.0,24.33,30.8,1123.0
4566,2025-03-16 06:58:03.853227,2025.0,3.0,16.0,6.0,58.0,3.0,24.33,30.8,1123.0
4567,2025-03-16 06:58:19.800372,2025.0,3.0,16.0,6.0,58.0,19.0,24.33,30.8,1123.0
4568,2025-03-16 06:58:35.769065,2025.0,3.0,16.0,6.0,58.0,35.0,24.33,30.8,1123.0
4569,2025-03-16 06:58:51.738007,2025.0,3.0,16.0,6.0,58.0,51.0,24.39,30.74,1121.0
4570,2025-03-16 06:59:08.154037,2025.0,3.0,16.0,6.0,59.0,8.0,24.37,30.76,1122.0
4571,2025-03-16 06:59:24.563728,2025.0,3.0,16.0,6.0,59.0,24.0,24.47,30.66,1118.0
4572,2025-03-16 06:59:40.956327,2025.0,3.0,16.0,6.0,59.0,40.0,24.47,30.66,1118.0
4573,2025-03-16 06:59:56.915059,2025.0,3.0,16.0,6.0,59.0,56.0,24.49,30.64,1117.0
4574,2025-03-16 07:00:13.331668,2025.0,3.0,16.0,7.0,0.0,13.0,24.49,30.64,1117.0
4575,2025-03-16 07:00:29.298528,2025.0,3.0,16.0,7.0,0.0,29.0,24.49,30.64,1117.0
4576,2025-03-16 07:00:45.259800,2025.0,3.0,16.0,7.0,0.0,45.0,24.49,30.64,1117.0
4577,2025-03-16 07:01:01.210892,2025.0,3.0,16.0,7.0,1.0,1.0,24.49,30.64,1117.0
4578,2025-03-16 07:01:17.175475,2025.0,3.0,16.0,7.0,1.0,17.0,24.49,30.64,1117.0
4579,2025-03-16 07:01:33.139646,2025.0,3.0,16.0,7.0,1.0,33.0,24.49,30.64,1117.0
4580,2025-03-16 07:01:49.106692,2025.0,3.0,16.0,7.0,1.0,49.0,24.49,30.64,1117.0
4581,2025-03-16 07:02:05.074108,2025.0,3.0,16.0,7.0,2.0,5.0,24.49,30.64,1117.0
4582,2025-03-16 07:02:21.017944,2025.0,3.0,16.0,7.0,2.0,21.0,24.49,30.64,1117.0
4583,2025-03-16 07:02:36.978146,2025.0,3.0,16.0,7.0,2.0,36.0,24.49,30.64,1117.0
4584,2025-03-16 07:02:52.946352,2025.0,3.0,16.0,7.0,2.0,52.0,24.49,30.64,1117.0
4585,2025-03-16 07:03:08.914170,2025.0,3.0,16.0,7.0,3.0,8.0,24.49,30.64,1117.0
4586,2025-03-16 07:03:24.876345,2025.0,3.0,16.0,7.0,3.0,24.0,24.49,30.64,1117.0
4587,2025-03-16 07:03:40.828982,2025.0,3.0,16.0,7.0,3.0,40.0,24.49,30.64,1117.0
4588,2025-03-16 07:03:56.792688,2025.0,3.0,16.0,7.0,3.0,56.0,24.49,30.64,1117.0
4589,2025-03-16 07:04:12.732664,2025.0,3.0,16.0,7.0,4.0,12.0,24.49,30.64,1117.0
4590,2025-03-16 07:04:28.701650,2025.0,3.0,16.0,7.0,4.0,28.0,24.49,30.64,1117.0
4591,2025-03-16 07:04:44.655901,2025.0,3.0,16.0,7.0,4.0,44.0,24.49,30.64,1117.0
4592,2025-03-16 07:05:00.625512,2025.0,3.0,16.0,7.0,5.0,0.0,24.49,30.64,1117.0
4593,2025-03-16 07:05:16.593968,2025.0,3.0,16.0,7.0,5.0,16.0,24.49,30.64,1117.0
4594,2025-03-16 07:05:32.538154,2025.0,3.0,16.0,7.0,5.0,32.0,24.49,30.64,1117.0
4595,2025-03-16 07:05:48.477570,2025.0,3.0,16.0,7.0,5.0,48.0,24.49,30.64,1117.0
4596,2025-03-16 07:06:04.446255,2025.0,3.0,16.0,7.0,6.0,4.0,24.49,30.64,1117.0
4597,2025-03-16 07:06:20.385120,2025.0,3.0,16.0,7.0,6.0,20.0,24.49,30.64,1117.0
4598,2025-03-16 07:06:36.353525,2025.0,3.0,16.0,7.0,6.0,36.0,24.49,30.64,1117.0
4599,2025-03-16 07:06:52.322863,2025.0,3.0,16.0,7.0,6.0,52.0,24.49,30.64,1117.0
4600,2025-03-16 07:07:08.290392,2025.0,3.0,16.0,7.0,7.0,8.0,24.49,30.64,1117.0
4601,2025-03-16 07:07:24.244635,2025.0,3.0,16.0,7.0,7.0,24.0,24.49,30.64,1117.0
4602,2025-03-16 07:07:40.213900,2025.0,3.0,16.0,7.0,7.0,40.0,24.49,30.64,1117.0
4603,2025-03-16 07:07:56.179683,2025.0,3.0,16.0,7.0,7.0,56.0,24.485,30.64,1117.0
4604,2025-03-16 07:08:12.141410,2025.0,3.0,16.0,7.0,8.0,12.0,24.345,30.78,1123.0
4605,2025-03-16 07:08:28.560094,2025.0,3.0,16.0,7.0,8.0,28.0,24.43875,30.69,1119.0
4606,2025-03-16 07:08:44.979702,2025.0,3.0,16.0,7.0,8.0,44.0,24.34,30.79,1123.0
4607,2025-03-16 07:09:01.397123,2025.0,3.0,16.0,7.0,9.0,1.0,25.01375,30.11,1096.0
4608,2025-03-16 07:09:17.810331,2025.0,3.0,16.0,7.0,9.0,17.0,24.0925,31.03,1133.0
4609,2025-03-16 07:09:34.204244,2025.0,3.0,16.0,7.0,9.0,34.0,24.16,30.96,1130.0
4610,2025-03-16 07:09:50.591350,2025.0,3.0,16.0,7.0,9.0,50.0,24.16,30.96,1130.0
4611,2025-03-16 07:10:06.545079,2025.0,3.0,16.0,7.0,10.0,6.0,24.165,30.96,1130.0
4612,2025-03-16 07:10:22.513792,2025.0,3.0,16.0,7.0,10.0,22.0,24.165,30.96,1130.0
4613,2025-03-16 07:10:38.473083,2025.0,3.0,16.0,7.0,10.0,38.0,24.15,30.98,1130.0
4614,2025-03-16 07:10:54.892947,2025.0,3.0,16.0,7.0,10.0,54.0,24.165,30.96,1130.0
4615,2025-03-16 07:11:11.300975,2025.0,3.0,16.0,7.0,11.0,11.0,24.165,30.96,1130.0
4616,2025-03-16 07:11:27.206470,2025.0,3.0,16.0,7.0,11.0,27.0,24.13125,30.99,1131.0
4617,2025-03-16 07:11:43.621818,2025.0,3.0,16.0,7.0,11.0,43.0,23.99875,31.13,1136.0
4618,2025-03-16 07:12:00.039717,2025.0,3.0,16.0,7.0,12.0,0.0,23.98,31.14,1137.0
4619,2025-03-16 07:12:16.448532,2025.0,3.0,16.0,7.0,12.0,16.0,23.98,31.14,1137.0
4620,2025-03-16 07:12:32.394171,2025.0,3.0,16.0,7.0,12.0,32.0,23.98,31.14,1137.0
4621,2025-03-16 07:12:48.363193,2025.0,3.0,16.0,7.0,12.0,48.0,23.98,31.14,1137.0
4622,2025-03-16 07:13:04.330835,2025.0,3.0,16.0,7.0,13.0,4.0,23.98,31.14,1137.0
4623,2025-03-16 07:13:20.298899,2025.0,3.0,16.0,7.0,13.0,20.0,23.98,31.14,1137.0
4624,2025-03-16 07:13:36.266658,2025.0,3.0,16.0,7.0,13.0,36.0,23.98,31.14,1137.0
4625,2025-03-16 07:13:52.235167,2025.0,3.0,16.0,7.0,13.0,52.0,23.98,31.14,1137.0
4626,2025-03-16 07:14:08.183983,2025.0,3.0,16.0,7.0,14.0,8.0,23.98,31.14,1137.0
4627,2025-03-16 07:14:24.154732,2025.0,3.0,16.0,7.0,14.0,24.0,23.98,31.14,1137.0
4628,2025-03-16 07:14:40.096330,2025.0,3.0,16.0,7.0,14.0,40.0,23.98,31.14,1137.0
4629,2025-03-16 07:14:56.066541,2025.0,3.0,16.0,7.0,14.0,56.0,23.98,31.14,1137.0
4630,2025-03-16 07:15:12.021290,2025.0,3.0,16.0,7.0,15.0,12.0,23.98,31.14,1137.0
4631,2025-03-16 07:15:27.991219,2025.0,3.0,16.0,7.0,15.0,27.0,23.98,31.14,1137.0
4632,2025-03-16 07:15:43.932328,2025.0,3.0,16.0,7.0,15.0,43.0,23.98,31.14,1137.0
4633,2025-03-16 07:15:59.902395,2025.0,3.0,16.0,7.0,15.0,59.0,23.98,31.14,1137.0
4634,2025-03-16 07:16:15.867530,2025.0,3.0,16.0,7.0,16.0,15.0,23.98,31.14,1137.0
4635,2025-03-16 07:16:31.835496,2025.0,3.0,16.0,7.0,16.0,31.0,23.98,31.14,1137.0
4636,2025-03-16 07:16:47.795118,2025.0,3.0,16.0,7.0,16.0,47.0,23.98,31.14,1137.0
4637,2025-03-16 07:17:03.763667,2025.0,3.0,16.0,7.0,17.0,3.0,23.98,31.14,1137.0
4638,2025-03-16 07:17:19.731097,2025.0,3.0,16.0,7.0,17.0,19.0,23.98,31.14,1137.0
4639,2025-03-16 07:17:35.694015,2025.0,3.0,16.0,7.0,17.0,35.0,23.98,31.14,1137.0
4640,2025-03-16 07:17:51.659650,2025.0,3.0,16.0,7.0,17.0,51.0,23.98,31.14,1137.0
4641,2025-03-16 07:18:07.627930,2025.0,3.0,16.0,7.0,18.0,7.0,23.98,31.14,1137.0
4642,2025-03-16 07:18:23.595383,2025.0,3.0,16.0,7.0,18.0,23.0,23.98,31.14,1137.0
4643,2025-03-16 07:18:39.545022,2025.0,3.0,16.0,7.0,18.0,39.0,23.98,31.14,1137.0
4644,2025-03-16 07:18:55.517491,2025.0,3.0,16.0,7.0,18.0,55.0,24.07,31.06,1134.0
4645,2025-03-16 07:19:11.937775,2025.0,3.0,16.0,7.0,19.0,11.0,24.0225,31.1,1136.0
4646,2025-03-16 07:19:28.335182,2025.0,3.0,16.0,7.0,19.0,28.0,24.051250000000003,31.07,1134.0
4647,2025-03-16 07:19:44.757972,2025.0,3.0,16.0,7.0,19.0,44.0,23.99875,31.13,1136.0
4648,2025-03-16 07:20:01.177106,2025.0,3.0,16.0,7.0,20.0,1.0,23.98,31.14,1137.0
4649,2025-03-16 07:20:17.595672,2025.0,3.0,16.0,7.0,20.0,17.0,24.04625,31.08,1135.0
4650,2025-03-16 07:20:34.013234,2025.0,3.0,16.0,7.0,20.0,34.0,24.0725,31.05,1134.0
4651,2025-03-16 07:20:50.430898,2025.0,3.0,16.0,7.0,20.0,50.0,24.22,30.9,1128.0
4652,2025-03-16 07:21:06.833831,2025.0,3.0,16.0,7.0,21.0,6.0,23.99875,31.13,1136.0
4653,2025-03-16 07:21:23.244562,2025.0,3.0,16.0,7.0,21.0,23.0,24.10625,31.02,1132.0
4654,2025-03-16 07:21:39.664285,2025.0,3.0,16.0,7.0,21.0,39.0,38.90625,16.22,543.0
4655,2025-03-16 07:21:56.065279,2025.0,3.0,16.0,7.0,21.0,56.0,23.91625,31.21,1140.0
4656,2025-03-16 07:22:12.468351,2025.0,3.0,16.0,7.0,22.0,12.0,23.84,31.28,1143.0
4657,2025-03-16 07:22:28.861791,2025.0,3.0,16.0,7.0,22.0,28.0,23.91,31.22,1140.0
4658,2025-03-16 07:22:45.275151,2025.0,3.0,16.0,7.0,22.0,45.0,23.935,31.19,1139.0
4659,2025-03-16 07:23:01.691438,2025.0,3.0,16.0,7.0,23.0,1.0,24.01,31.12,1136.0
4660,2025-03-16 07:23:18.104302,2025.0,3.0,16.0,7.0,23.0,18.0,24.005,31.12,1136.0
4661,2025-03-16 07:23:34.071881,2025.0,3.0,16.0,7.0,23.0,34.0,23.99,31.14,1137.0
4662,2025-03-16 07:23:50.488496,2025.0,3.0,16.0,7.0,23.0,50.0,23.985,31.14,1137.0
4663,2025-03-16 07:24:06.458456,2025.0,3.0,16.0,7.0,24.0,6.0,23.97,31.16,1138.0
4664,2025-03-16 07:24:22.877177,2025.0,3.0,16.0,7.0,24.0,22.0,23.98,31.14,1137.0
4665,2025-03-16 07:24:39.286435,2025.0,3.0,16.0,7.0,24.0,39.0,23.98,31.14,1137.0
4666,2025-03-16 07:24:55.255648,2025.0,3.0,16.0,7.0,24.0,55.0,23.98,31.14,1137.0
4667,2025-03-16 07:25:11.212750,2025.0,3.0,16.0,7.0,25.0,11.0,23.98,31.14,1137.0
4668,2025-03-16 07:25:27.180619,2025.0,3.0,16.0,7.0,25.0,27.0,23.96,31.16,1138.0
4669,2025-03-16 07:25:43.580326,2025.0,3.0,16.0,7.0,25.0,43.0,23.84,31.28,1143.0
4670,2025-03-16 07:25:59.965700,2025.0,3.0,16.0,7.0,25.0,59.0,23.82,31.3,1144.0
4671,2025-03-16 07:26:16.360702,2025.0,3.0,16.0,7.0,26.0,16.0,23.82,31.3,1144.0
4672,2025-03-16 07:26:32.327526,2025.0,3.0,16.0,7.0,26.0,32.0,23.82,31.3,1144.0
4673,2025-03-16 07:26:48.277214,2025.0,3.0,16.0,7.0,26.0,48.0,23.82,31.3,1144.0
4674,2025-03-16 07:27:04.247120,2025.0,3.0,16.0,7.0,27.0,4.0,23.82,31.3,1144.0
4675,2025-03-16 07:27:20.215563,2025.0,3.0,16.0,7.0,27.0,20.0,23.82,31.3,1144.0
4676,2025-03-16 07:27:36.182404,2025.0,3.0,16.0,7.0,27.0,36.0,23.82,31.3,1144.0
4677,2025-03-16 07:27:52.146168,2025.0,3.0,16.0,7.0,27.0,52.0,23.82,31.3,1144.0
4678,2025-03-16 07:28:08.110171,2025.0,3.0,16.0,7.0,28.0,8.0,23.82,31.3,1144.0
4679,2025-03-16 07:28:24.079689,2025.0,3.0,16.0,7.0,28.0,24.0,23.82,31.3,1144.0
4680,2025-03-16 07:28:40.050095,2025.0,3.0,16.0,7.0,28.0,40.0,23.82,31.3,1144.0
4681,2025-03-16 07:28:55.998102,2025.0,3.0,16.0,7.0,28.0,55.0,23.82,31.3,1144.0
4682,2025-03-16 07:29:11.967704,2025.0,3.0,16.0,7.0,29.0,11.0,23.82,31.3,1144.0
4683,2025-03-16 07:29:27.925199,2025.0,3.0,16.0,7.0,29.0,27.0,23.82,31.3,1144.0
4684,2025-03-16 07:29:43.896307,2025.0,3.0,16.0,7.0,29.0,43.0,23.82,31.3,1144.0
4685,2025-03-16 07:29:59.867254,2025.0,3.0,16.0,7.0,29.0,59.0,23.82,31.3,1144.0
4686,2025-03-16 07:30:15.810014,2025.0,3.0,16.0,7.0,30.0,15.0,23.8,31.32,1144.0
4687,2025-03-16 07:30:32.219586,2025.0,3.0,16.0,7.0,30.0,32.0,23.8,31.32,1144.0
4688,2025-03-16 07:30:48.192418,2025.0,3.0,16.0,7.0,30.0,48.0,23.82,31.3,1144.0
4689,2025-03-16 07:31:04.586709,2025.0,3.0,16.0,7.0,31.0,4.0,23.8,31.32,1144.0
4690,2025-03-16 07:31:20.989802,2025.0,3.0,16.0,7.0,31.0,20.0,23.82,31.3,1144.0
4691,2025-03-16 07:31:37.363724,2025.0,3.0,16.0,7.0,31.0,37.0,23.82,31.3,1144.0
4692,2025-03-16 07:31:53.308394,2025.0,3.0,16.0,7.0,31.0,53.0,23.82,31.3,1144.0
4693,2025-03-16 07:32:09.278603,2025.0,3.0,16.0,7.0,32.0,9.0,23.82,31.3,1144.0
4694,2025-03-16 07:32:25.247318,2025.0,3.0,16.0,7.0,32.0,25.0,23.82,31.3,1144.0
4695,2025-03-16 07:32:41.215613,2025.0,3.0,16.0,7.0,32.0,41.0,23.82,31.3,1144.0
4696,2025-03-16 07:32:57.155008,2025.0,3.0,16.0,7.0,32.0,57.0,23.8,31.32,1144.0
4697,2025-03-16 07:33:13.573728,2025.0,3.0,16.0,7.0,33.0,13.0,23.8,31.32,1144.0
4698,2025-03-16 07:33:29.543372,2025.0,3.0,16.0,7.0,33.0,29.0,23.78,31.34,1145.0
4699,2025-03-16 07:33:45.964772,2025.0,3.0,16.0,7.0,33.0,45.0,23.78,31.34,1145.0
4700,2025-03-16 07:34:01.935174,2025.0,3.0,16.0,7.0,34.0,1.0,23.8,31.32,1144.0
4701,2025-03-16 07:34:18.353276,2025.0,3.0,16.0,7.0,34.0,18.0,23.76,31.36,1146.0
4702,2025-03-16 07:34:34.772620,2025.0,3.0,16.0,7.0,34.0,34.0,23.78,31.34,1145.0
4703,2025-03-16 07:34:51.192964,2025.0,3.0,16.0,7.0,34.0,51.0,23.76,31.36,1146.0
4704,2025-03-16 07:35:07.613055,2025.0,3.0,16.0,7.0,35.0,7.0,23.76,31.36,1146.0
4705,2025-03-16 07:35:23.576529,2025.0,3.0,16.0,7.0,35.0,23.0,23.78,31.34,1145.0
4706,2025-03-16 07:35:39.997294,2025.0,3.0,16.0,7.0,35.0,39.0,23.84,31.29,1143.0
4707,2025-03-16 07:35:56.417015,2025.0,3.0,16.0,7.0,35.0,56.0,23.79,31.34,1145.0
4708,2025-03-16 07:36:12.821140,2025.0,3.0,16.0,7.0,36.0,12.0,45.375,9.75,288.0
4709,2025-03-16 07:36:29.180956,2025.0,3.0,16.0,7.0,36.0,29.0,23.63125,31.49,1151.0
4710,2025-03-16 07:36:45.591214,2025.0,3.0,16.0,7.0,36.0,45.0,23.59,31.54,1153.0
4711,2025-03-16 07:37:01.980881,2025.0,3.0,16.0,7.0,37.0,1.0,23.865,31.26,1142.0
4712,2025-03-16 07:37:18.373192,2025.0,3.0,16.0,7.0,37.0,18.0,23.75,31.38,1146.0
4713,2025-03-16 07:37:34.779579,2025.0,3.0,16.0,7.0,37.0,34.0,23.715,31.41,1148.0
4714,2025-03-16 07:37:51.197447,2025.0,3.0,16.0,7.0,37.0,51.0,23.715,31.41,1148.0
4715,2025-03-16 07:38:07.167762,2025.0,3.0,16.0,7.0,38.0,7.0,23.715,31.41,1148.0
4716,2025-03-16 07:38:23.140284,2025.0,3.0,16.0,7.0,38.0,23.0,23.715,31.41,1148.0
4717,2025-03-16 07:38:39.111241,2025.0,3.0,16.0,7.0,38.0,39.0,23.715,31.41,1148.0
4718,2025-03-16 07:38:55.079544,2025.0,3.0,16.0,7.0,38.0,55.0,23.715,31.41,1148.0
4719,2025-03-16 07:39:11.021136,2025.0,3.0,16.0,7.0,39.0,11.0,23.715,31.41,1148.0
4720,2025-03-16 07:39:26.991937,2025.0,3.0,16.0,7.0,39.0,26.0,23.715,31.41,1148.0
4721,2025-03-16 07:39:42.963485,2025.0,3.0,16.0,7.0,39.0,42.0,23.715,31.41,1148.0
4722,2025-03-16 07:39:58.932785,2025.0,3.0,16.0,7.0,39.0,58.0,23.715,31.41,1148.0
4723,2025-03-16 07:40:14.901460,2025.0,3.0,16.0,7.0,40.0,14.0,23.745,31.38,1147.0
4724,2025-03-16 07:40:31.318846,2025.0,3.0,16.0,7.0,40.0,31.0,23.735,31.39,1147.0
4725,2025-03-16 07:40:47.738294,2025.0,3.0,16.0,7.0,40.0,47.0,23.735,31.39,1147.0
4726,2025-03-16 07:41:03.702699,2025.0,3.0,16.0,7.0,41.0,3.0,23.675,31.45,1149.0
4727,2025-03-16 07:41:20.122611,2025.0,3.0,16.0,7.0,41.0,20.0,23.68,31.44,1149.0
4728,2025-03-16 07:41:36.541523,2025.0,3.0,16.0,7.0,41.0,36.0,23.705,31.42,1148.0
4729,2025-03-16 07:41:52.961539,2025.0,3.0,16.0,7.0,41.0,52.0,23.665,31.46,1150.0
4730,2025-03-16 07:42:09.382276,2025.0,3.0,16.0,7.0,42.0,9.0,23.685,31.44,1149.0
4731,2025-03-16 07:42:25.801611,2025.0,3.0,16.0,7.0,42.0,25.0,23.69,31.44,1149.0
4732,2025-03-16 07:42:41.771591,2025.0,3.0,16.0,7.0,42.0,41.0,23.705,31.42,1148.0
4733,2025-03-16 07:42:58.171696,2025.0,3.0,16.0,7.0,42.0,58.0,23.68,31.44,1149.0
4734,2025-03-16 07:43:14.561030,2025.0,3.0,16.0,7.0,43.0,14.0,23.685,31.44,1149.0
4735,2025-03-16 07:43:30.515136,2025.0,3.0,16.0,7.0,43.0,30.0,23.71,31.42,1148.0
4736,2025-03-16 07:43:46.934648,2025.0,3.0,16.0,7.0,43.0,46.0,23.715,31.41,1148.0
4737,2025-03-16 07:44:03.349511,2025.0,3.0,16.0,7.0,44.0,3.0,23.715,31.41,1148.0
4738,2025-03-16 07:44:19.293290,2025.0,3.0,16.0,7.0,44.0,19.0,23.635,31.49,1151.0
4739,2025-03-16 07:44:35.713094,2025.0,3.0,16.0,7.0,44.0,35.0,23.665,31.46,1150.0
4740,2025-03-16 07:44:52.133122,2025.0,3.0,16.0,7.0,44.0,52.0,23.515,31.61,1156.0
4741,2025-03-16 07:45:08.554357,2025.0,3.0,16.0,7.0,45.0,8.0,23.51,31.62,1156.0
4742,2025-03-16 07:45:24.958165,2025.0,3.0,16.0,7.0,45.0,24.0,23.515,31.61,1156.0
4743,2025-03-16 07:45:41.377682,2025.0,3.0,16.0,7.0,45.0,41.0,23.535,31.59,1155.0
4744,2025-03-16 07:45:57.797627,2025.0,3.0,16.0,7.0,45.0,57.0,23.525,31.6,1155.0
4745,2025-03-16 07:46:14.201607,2025.0,3.0,16.0,7.0,46.0,14.0,23.88625,31.24,1141.0
4746,2025-03-16 07:46:30.621730,2025.0,3.0,16.0,7.0,46.0,30.0,24.04875,31.08,1134.0
4747,2025-03-16 07:46:47.029149,2025.0,3.0,16.0,7.0,46.0,47.0,23.39375,31.73,1161.0
4748,2025-03-16 07:47:03.423136,2025.0,3.0,16.0,7.0,47.0,3.0,24.285,30.84,1125.0
4749,2025-03-16 07:47:19.832396,2025.0,3.0,16.0,7.0,47.0,19.0,23.40125,31.72,1160.0
4750,2025-03-16 07:47:36.251089,2025.0,3.0,16.0,7.0,47.0,36.0,23.30875,31.82,1164.0
4751,2025-03-16 07:47:52.669991,2025.0,3.0,16.0,7.0,47.0,52.0,23.31,31.82,1164.0
4752,2025-03-16 07:48:08.640061,2025.0,3.0,16.0,7.0,48.0,8.0,23.31,31.82,1164.0
4753,2025-03-16 07:48:24.611460,2025.0,3.0,16.0,7.0,48.0,24.0,23.31,31.82,1164.0
4754,2025-03-16 07:48:40.559211,2025.0,3.0,16.0,7.0,48.0,40.0,23.285,31.84,1165.0
4755,2025-03-16 07:48:56.978953,2025.0,3.0,16.0,7.0,48.0,56.0,23.31,31.82,1164.0
4756,2025-03-16 07:49:13.399098,2025.0,3.0,16.0,7.0,49.0,13.0,23.31,31.82,1164.0
4757,2025-03-16 07:49:29.368496,2025.0,3.0,16.0,7.0,49.0,29.0,23.31,31.82,1164.0
4758,2025-03-16 07:49:45.336968,2025.0,3.0,16.0,7.0,49.0,45.0,23.31,31.82,1164.0
4759,2025-03-16 07:50:01.297712,2025.0,3.0,16.0,7.0,50.0,1.0,23.44125,31.68,1159.0
4760,2025-03-16 07:50:17.712849,2025.0,3.0,16.0,7.0,50.0,17.0,23.46,31.66,1158.0
4761,2025-03-16 07:50:34.114616,2025.0,3.0,16.0,7.0,50.0,34.0,23.46,31.66,1158.0
4762,2025-03-16 07:50:50.084443,2025.0,3.0,16.0,7.0,50.0,50.0,23.46,31.66,1158.0
4763,2025-03-16 07:51:06.055766,2025.0,3.0,16.0,7.0,51.0,6.0,23.46,31.66,1158.0
4764,2025-03-16 07:51:22.027425,2025.0,3.0,16.0,7.0,51.0,22.0,23.46,31.66,1158.0
4765,2025-03-16 07:51:38.002132,2025.0,3.0,16.0,7.0,51.0,38.0,23.46,31.66,1158.0
4766,2025-03-16 07:51:53.972406,2025.0,3.0,16.0,7.0,51.0,53.0,23.46,31.66,1158.0
4767,2025-03-16 07:52:09.943944,2025.0,3.0,16.0,7.0,52.0,9.0,23.46,31.66,1158.0
4768,2025-03-16 07:52:25.915496,2025.0,3.0,16.0,7.0,52.0,25.0,23.39875,31.73,1160.0
4769,2025-03-16 07:52:42.315755,2025.0,3.0,16.0,7.0,52.0,42.0,23.43875,31.69,1159.0
4770,2025-03-16 07:52:58.734102,2025.0,3.0,16.0,7.0,52.0,58.0,23.39,31.74,1161.0
4771,2025-03-16 07:53:15.130657,2025.0,3.0,16.0,7.0,53.0,15.0,23.39,31.74,1161.0
4772,2025-03-16 07:53:31.074285,2025.0,3.0,16.0,7.0,53.0,31.0,23.39,31.74,1161.0
4773,2025-03-16 07:53:47.044579,2025.0,3.0,16.0,7.0,53.0,47.0,23.39875,31.73,1160.0
4774,2025-03-16 07:54:03.453017,2025.0,3.0,16.0,7.0,54.0,3.0,23.39,31.74,1161.0
4775,2025-03-16 07:54:19.870429,2025.0,3.0,16.0,7.0,54.0,19.0,23.39,31.74,1161.0
4776,2025-03-16 07:54:35.840653,2025.0,3.0,16.0,7.0,54.0,35.0,23.39,31.74,1161.0
4777,2025-03-16 07:54:51.801705,2025.0,3.0,16.0,7.0,54.0,51.0,23.39,31.74,1161.0
4778,2025-03-16 07:55:07.772379,2025.0,3.0,16.0,7.0,55.0,7.0,23.39,31.74,1161.0
4779,2025-03-16 07:55:23.712345,2025.0,3.0,16.0,7.0,55.0,23.0,23.39,31.74,1161.0
4780,2025-03-16 07:55:39.684315,2025.0,3.0,16.0,7.0,55.0,39.0,23.39,31.74,1161.0
4781,2025-03-16 07:55:55.646150,2025.0,3.0,16.0,7.0,55.0,55.0,23.4375,31.69,1159.0
4782,2025-03-16 07:56:12.066984,2025.0,3.0,16.0,7.0,56.0,12.0,23.39,31.74,1161.0
4783,2025-03-16 07:56:28.473599,2025.0,3.0,16.0,7.0,56.0,28.0,23.39,31.74,1161.0
4784,2025-03-16 07:56:44.446570,2025.0,3.0,16.0,7.0,56.0,44.0,23.39,31.74,1161.0
4785,2025-03-16 07:57:00.419750,2025.0,3.0,16.0,7.0,57.0,0.0,23.41375,31.71,1160.0
4786,2025-03-16 07:57:16.827810,2025.0,3.0,16.0,7.0,57.0,16.0,23.4375,31.69,1159.0
4787,2025-03-16 07:57:33.246389,2025.0,3.0,16.0,7.0,57.0,33.0,23.41375,31.71,1160.0
4788,2025-03-16 07:57:49.665890,2025.0,3.0,16.0,7.0,57.0,49.0,23.485,31.64,1157.0
4789,2025-03-16 07:58:06.086391,2025.0,3.0,16.0,7.0,58.0,6.0,23.50875,31.62,1156.0
4790,2025-03-16 07:58:22.507928,2025.0,3.0,16.0,7.0,58.0,22.0,23.55125,31.57,1154.0
4791,2025-03-16 07:58:38.916451,2025.0,3.0,16.0,7.0,58.0,38.0,23.5325,31.59,1155.0
4792,2025-03-16 07:58:55.338553,2025.0,3.0,16.0,7.0,58.0,55.0,23.475,31.65,1157.0
4793,2025-03-16 07:59:11.759607,2025.0,3.0,16.0,7.0,59.0,11.0,23.55625,31.57,1154.0
4794,2025-03-16 07:59:28.181604,2025.0,3.0,16.0,7.0,59.0,28.0,23.55625,31.57,1154.0
4795,2025-03-16 07:59:44.152757,2025.0,3.0,16.0,7.0,59.0,44.0,23.5325,31.59,1155.0
4796,2025-03-16 08:00:00.573796,2025.0,3.0,16.0,8.0,0.0,0.0,23.55625,31.57,1154.0
4797,2025-03-16 08:00:16.994983,2025.0,3.0,16.0,8.0,0.0,16.0,23.5175,31.61,1156.0
4798,2025-03-16 08:00:33.403512,2025.0,3.0,16.0,8.0,0.0,33.0,23.315,31.81,1164.0
4799,2025-03-16 08:00:49.822967,2025.0,3.0,16.0,8.0,0.0,49.0,23.58875,31.54,1153.0
4800,2025-03-16 08:01:06.244661,2025.0,3.0,16.0,8.0,1.0,6.0,22.880000000000003,32.24,1181.0
4801,2025-03-16 08:01:22.666225,2025.0,3.0,16.0,8.0,1.0,22.0,22.97125,32.15,1177.0
4802,2025-03-16 08:01:39.086296,2025.0,3.0,16.0,8.0,1.0,39.0,31.13125,23.99,853.0
4803,2025-03-16 08:01:55.471479,2025.0,3.0,16.0,8.0,1.0,55.0,35.303749999999994,19.82,687.0
4804,2025-03-16 08:02:11.877753,2025.0,3.0,16.0,8.0,2.0,11.0,23.21875,31.91,1168.0
4805,2025-03-16 08:02:28.289328,2025.0,3.0,16.0,8.0,2.0,28.0,23.08,32.04,1173.0
4806,2025-03-16 08:02:44.709922,2025.0,3.0,16.0,8.0,2.0,44.0,23.05,32.08,1174.0
4807,2025-03-16 08:03:01.131798,2025.0,3.0,16.0,8.0,3.0,1.0,23.07,32.06,1173.0
4808,2025-03-16 08:03:17.554918,2025.0,3.0,16.0,8.0,3.0,17.0,22.97,32.16,1177.0
4809,2025-03-16 08:03:33.962129,2025.0,3.0,16.0,8.0,3.0,33.0,23.06,32.06,1174.0
4810,2025-03-16 08:03:50.367144,2025.0,3.0,16.0,8.0,3.0,50.0,23.09,32.03,1173.0
4811,2025-03-16 08:04:06.776604,2025.0,3.0,16.0,8.0,4.0,6.0,23.13,32.0,1171.0
4812,2025-03-16 08:04:23.181823,2025.0,3.0,16.0,8.0,4.0,23.0,23.115,32.01,1172.0
4813,2025-03-16 08:04:39.601799,2025.0,3.0,16.0,8.0,4.0,39.0,23.13,32.0,1171.0
4814,2025-03-16 08:04:56.009181,2025.0,3.0,16.0,8.0,4.0,56.0,23.15,31.98,1170.0
4815,2025-03-16 08:05:12.430688,2025.0,3.0,16.0,8.0,5.0,12.0,23.12,32.01,1171.0
4816,2025-03-16 08:05:28.853824,2025.0,3.0,16.0,8.0,5.0,28.0,23.14,31.98,1171.0
4817,2025-03-16 08:05:45.274869,2025.0,3.0,16.0,8.0,5.0,45.0,23.15,31.98,1170.0
4818,2025-03-16 08:06:01.695679,2025.0,3.0,16.0,8.0,6.0,1.0,23.14,31.98,1171.0
4819,2025-03-16 08:06:18.104668,2025.0,3.0,16.0,8.0,6.0,18.0,23.145,31.98,1170.0
4820,2025-03-16 08:06:34.518156,2025.0,3.0,16.0,8.0,6.0,34.0,23.1,32.03,1172.0
4821,2025-03-16 08:06:50.910096,2025.0,3.0,16.0,8.0,6.0,50.0,23.03,32.1,1175.0
4822,2025-03-16 08:07:07.314198,2025.0,3.0,16.0,8.0,7.0,7.0,23.12,32.01,1171.0
4823,2025-03-16 08:07:23.736587,2025.0,3.0,16.0,8.0,7.0,23.0,23.06,32.06,1174.0
4824,2025-03-16 08:07:40.159271,2025.0,3.0,16.0,8.0,7.0,40.0,22.95,32.17,1178.0
4825,2025-03-16 08:07:56.578596,2025.0,3.0,16.0,8.0,7.0,56.0,23.03,32.1,1175.0
4826,2025-03-16 08:08:12.984365,2025.0,3.0,16.0,8.0,8.0,12.0,22.95,32.17,1178.0
4827,2025-03-16 08:08:29.401033,2025.0,3.0,16.0,8.0,8.0,29.0,22.95,32.17,1178.0
4828,2025-03-16 08:08:45.373135,2025.0,3.0,16.0,8.0,8.0,45.0,22.95,32.17,1178.0
4829,2025-03-16 08:09:01.345057,2025.0,3.0,16.0,8.0,9.0,1.0,22.95,32.17,1178.0
4830,2025-03-16 08:09:17.316934,2025.0,3.0,16.0,8.0,9.0,17.0,22.95,32.17,1178.0
4831,2025-03-16 08:09:33.275475,2025.0,3.0,16.0,8.0,9.0,33.0,22.95,32.17,1178.0
4832,2025-03-16 08:09:49.246463,2025.0,3.0,16.0,8.0,9.0,49.0,22.95,32.17,1178.0
4833,2025-03-16 08:10:05.217831,2025.0,3.0,16.0,8.0,10.0,5.0,22.95,32.17,1178.0
4834,2025-03-16 08:10:21.189255,2025.0,3.0,16.0,8.0,10.0,21.0,22.95,32.17,1178.0
4835,2025-03-16 08:10:37.149036,2025.0,3.0,16.0,8.0,10.0,37.0,22.95,32.17,1178.0
4836,2025-03-16 08:10:53.121616,2025.0,3.0,16.0,8.0,10.0,53.0,22.95,32.17,1178.0
4837,2025-03-16 08:11:09.092659,2025.0,3.0,16.0,8.0,11.0,9.0,22.95,32.17,1178.0
4838,2025-03-16 08:11:25.065278,2025.0,3.0,16.0,8.0,11.0,25.0,22.95,32.17,1178.0
4839,2025-03-16 08:11:41.038533,2025.0,3.0,16.0,8.0,11.0,41.0,22.95,32.17,1178.0
4840,2025-03-16 08:11:57.008939,2025.0,3.0,16.0,8.0,11.0,57.0,22.95,32.17,1178.0
4841,2025-03-16 08:12:12.981006,2025.0,3.0,16.0,8.0,12.0,12.0,22.95,32.17,1178.0
4842,2025-03-16 08:12:28.952801,2025.0,3.0,16.0,8.0,12.0,28.0,22.95,32.17,1178.0
4843,2025-03-16 08:12:44.925167,2025.0,3.0,16.0,8.0,12.0,44.0,22.95,32.17,1178.0
4844,2025-03-16 08:13:00.898374,2025.0,3.0,16.0,8.0,13.0,0.0,22.95,32.17,1178.0
4845,2025-03-16 08:13:16.869047,2025.0,3.0,16.0,8.0,13.0,16.0,22.95,32.17,1178.0
4846,2025-03-16 08:13:32.842674,2025.0,3.0,16.0,8.0,13.0,32.0,22.95,32.17,1178.0
4847,2025-03-16 08:13:48.808631,2025.0,3.0,16.0,8.0,13.0,48.0,23.2175,31.91,1168.0
4848,2025-03-16 08:14:05.230433,2025.0,3.0,16.0,8.0,14.0,5.0,22.55,32.58,1194.0
4849,2025-03-16 08:14:21.651148,2025.0,3.0,16.0,8.0,14.0,21.0,22.55,32.58,1194.0
4850,2025-03-16 08:14:53.442317,2025.0,3.0,16.0,8.0,14.0,53.0,23.10875,32.02,1172.0
4851,2025-03-16 08:15:09.863346,2025.0,3.0,16.0,8.0,15.0,9.0,48.09375,7.03,187.0
4852,2025-03-16 08:15:26.228821,2025.0,3.0,16.0,8.0,15.0,26.0,45.08125,10.04,299.0
4853,2025-03-16 08:15:58.446891,2025.0,3.0,16.0,8.0,15.0,58.0,50.04625,5.08,120.0
4854,2025-03-16 08:17:18.203648,2025.0,3.0,16.0,8.0,17.0,18.0,30.911250000000003,24.21,861.0
4855,2025-03-16 08:17:34.607846,2025.0,3.0,16.0,8.0,17.0,34.0,23.085,32.04,1173.0
4856,2025-03-16 08:17:51.030674,2025.0,3.0,16.0,8.0,17.0,51.0,23.02625,32.1,1175.0
4857,2025-03-16 08:18:07.437246,2025.0,3.0,16.0,8.0,18.0,7.0,22.97125,32.15,1177.0
4858,2025-03-16 08:18:23.860734,2025.0,3.0,16.0,8.0,18.0,23.0,23.0,32.12,1176.0
4859,2025-03-16 08:18:40.259237,2025.0,3.0,16.0,8.0,18.0,40.0,22.975,32.15,1177.0
4860,2025-03-16 08:18:56.679385,2025.0,3.0,16.0,8.0,18.0,56.0,22.895,32.23,1180.0
4861,2025-03-16 08:19:13.099352,2025.0,3.0,16.0,8.0,19.0,13.0,22.8,32.33,1184.0
4862,2025-03-16 08:19:29.519450,2025.0,3.0,16.0,8.0,19.0,29.0,22.8,32.33,1184.0
4863,2025-03-16 08:19:45.492436,2025.0,3.0,16.0,8.0,19.0,45.0,22.8,32.33,1184.0
4864,2025-03-16 08:20:01.465206,2025.0,3.0,16.0,8.0,20.0,1.0,22.8,32.33,1184.0
4865,2025-03-16 08:20:17.434657,2025.0,3.0,16.0,8.0,20.0,17.0,22.8,32.33,1184.0
4866,2025-03-16 08:20:33.407301,2025.0,3.0,16.0,8.0,20.0,33.0,22.8,32.33,1184.0
4867,2025-03-16 08:20:49.378249,2025.0,3.0,16.0,8.0,20.0,49.0,22.8,32.33,1184.0
4868,2025-03-16 08:21:05.336096,2025.0,3.0,16.0,8.0,21.0,5.0,22.8,32.33,1184.0
4869,2025-03-16 08:21:21.309212,2025.0,3.0,16.0,8.0,21.0,21.0,22.8,32.33,1184.0
4870,2025-03-16 08:21:37.285500,2025.0,3.0,16.0,8.0,21.0,37.0,22.82375,32.3,1183.0
4871,2025-03-16 08:21:53.690806,2025.0,3.0,16.0,8.0,21.0,53.0,22.975,32.15,1177.0
4872,2025-03-16 08:22:10.112403,2025.0,3.0,16.0,8.0,22.0,10.0,22.856250000000003,32.27,1182.0
4873,2025-03-16 08:22:26.531551,2025.0,3.0,16.0,8.0,22.0,26.0,22.895,32.23,1180.0
4874,2025-03-16 08:22:42.947340,2025.0,3.0,16.0,8.0,22.0,42.0,22.865,32.26,1182.0
4875,2025-03-16 08:22:59.368811,2025.0,3.0,16.0,8.0,22.0,59.0,22.9525,32.17,1178.0
4876,2025-03-16 08:23:15.790411,2025.0,3.0,16.0,8.0,23.0,15.0,22.96,32.16,1178.0
4877,2025-03-16 08:23:32.213804,2025.0,3.0,16.0,8.0,23.0,32.0,22.9425,32.18,1179.0
4878,2025-03-16 08:23:48.610787,2025.0,3.0,16.0,8.0,23.0,48.0,22.975,32.15,1177.0
4879,2025-03-16 08:24:05.024102,2025.0,3.0,16.0,8.0,24.0,5.0,22.99,32.14,1177.0
4880,2025-03-16 08:24:21.446167,2025.0,3.0,16.0,8.0,24.0,21.0,22.92125,32.2,1179.0
4881,2025-03-16 08:24:37.851582,2025.0,3.0,16.0,8.0,24.0,37.0,22.9,32.22,1180.0
4882,2025-03-16 08:24:54.253338,2025.0,3.0,16.0,8.0,24.0,54.0,22.99625,32.13,1176.0
4883,2025-03-16 08:25:10.672578,2025.0,3.0,16.0,8.0,25.0,10.0,23.2525,31.87,1166.0
4884,2025-03-16 08:25:27.087831,2025.0,3.0,16.0,8.0,25.0,27.0,22.15625,32.97,1210.0
4885,2025-03-16 08:25:43.486032,2025.0,3.0,16.0,8.0,25.0,43.0,22.18,32.94,1209.0
4886,2025-03-16 08:25:59.909383,2025.0,3.0,16.0,8.0,25.0,59.0,37.526250000000005,17.6,598.0
4887,2025-03-16 08:26:16.299082,2025.0,3.0,16.0,8.0,26.0,16.0,22.92,32.2,1179.0
4888,2025-03-16 08:26:32.703468,2025.0,3.0,16.0,8.0,26.0,32.0,8.6975,46.43,1340.0
4889,2025-03-16 08:26:49.124460,2025.0,3.0,16.0,8.0,26.0,49.0,34.09375,21.03,735.0
4890,2025-03-16 08:27:05.532217,2025.0,3.0,16.0,8.0,27.0,5.0,27.24375,27.88,1007.0
4891,2025-03-16 08:27:21.944652,2025.0,3.0,16.0,8.0,27.0,21.0,27.25,27.88,1007.0
4892,2025-03-16 08:27:37.917298,2025.0,3.0,16.0,8.0,27.0,37.0,40.37875,14.75,485.0
4893,2025-03-16 08:27:54.302086,2025.0,3.0,16.0,8.0,27.0,54.0,43.80875,11.32,349.0
4894,2025-03-16 08:28:10.707274,2025.0,3.0,16.0,8.0,28.0,10.0,50.25125,4.87,113.0
4895,2025-03-16 08:28:27.082760,2025.0,3.0,16.0,8.0,28.0,27.0,42.19499999999999,12.93,412.0
4896,2025-03-16 08:28:43.493373,2025.0,3.0,16.0,8.0,28.0,43.0,25.9,29.22,1061.0
4897,2025-03-16 08:28:59.902406,2025.0,3.0,16.0,8.0,28.0,59.0,22.895000000000003,32.23,1180.0
4898,2025-03-16 08:29:16.322385,2025.0,3.0,16.0,8.0,29.0,16.0,22.555,32.57,1194.0
4899,2025-03-16 08:29:32.745216,2025.0,3.0,16.0,8.0,29.0,32.0,22.72,32.4,1187.0
4900,2025-03-16 08:29:49.151304,2025.0,3.0,16.0,8.0,29.0,49.0,22.72,32.4,1187.0
4901,2025-03-16 08:30:05.122344,2025.0,3.0,16.0,8.0,30.0,5.0,22.72,32.4,1187.0
4902,2025-03-16 08:30:21.093166,2025.0,3.0,16.0,8.0,30.0,21.0,22.73875,32.39,1187.0
4903,2025-03-16 08:30:37.502124,2025.0,3.0,16.0,8.0,30.0,37.0,22.85625,32.27,1182.0
4904,2025-03-16 08:30:53.925623,2025.0,3.0,16.0,8.0,30.0,53.0,23.067500000000003,32.06,1174.0
4905,2025-03-16 08:31:10.347260,2025.0,3.0,16.0,8.0,31.0,10.0,22.97,32.16,1177.0
4906,2025-03-16 08:31:26.767894,2025.0,3.0,16.0,8.0,31.0,26.0,23.03,32.1,1175.0
4907,2025-03-16 08:31:43.176407,2025.0,3.0,16.0,8.0,31.0,43.0,42.3725,12.75,405.0
4908,2025-03-16 08:31:59.583094,2025.0,3.0,16.0,8.0,31.0,59.0,34.1175,21.01,734.0
4909,2025-03-16 08:32:15.977702,2025.0,3.0,16.0,8.0,32.0,15.0,34.150000000000006,20.97,733.0
4910,2025-03-16 08:32:32.367780,2025.0,3.0,16.0,8.0,32.0,32.0,34.09125,21.03,735.0
4911,2025-03-16 08:32:48.775064,2025.0,3.0,16.0,8.0,32.0,48.0,25.905,29.22,1061.0
4912,2025-03-16 08:33:05.187641,2025.0,3.0,16.0,8.0,33.0,5.0,22.97125,32.15,1177.0
4913,2025-03-16 08:33:21.613652,2025.0,3.0,16.0,8.0,33.0,21.0,23.05,32.08,1174.0
4914,2025-03-16 08:33:38.035643,2025.0,3.0,16.0,8.0,33.0,38.0,22.99125,32.13,1177.0
4915,2025-03-16 08:33:54.453682,2025.0,3.0,16.0,8.0,33.0,54.0,22.89,32.24,1181.0
4916,2025-03-16 08:34:10.872809,2025.0,3.0,16.0,8.0,34.0,10.0,22.87,32.25,1181.0
4917,2025-03-16 08:34:27.295130,2025.0,3.0,16.0,8.0,34.0,27.0,22.87,32.25,1181.0
4918,2025-03-16 08:34:43.269649,2025.0,3.0,16.0,8.0,34.0,43.0,22.87,32.25,1181.0
4919,2025-03-16 08:34:59.243899,2025.0,3.0,16.0,8.0,34.0,59.0,22.87,32.25,1181.0
4920,2025-03-16 08:35:15.218045,2025.0,3.0,16.0,8.0,35.0,15.0,22.87,32.25,1181.0
4921,2025-03-16 08:35:31.185649,2025.0,3.0,16.0,8.0,35.0,31.0,22.87,32.25,1181.0
4922,2025-03-16 08:35:47.134321,2025.0,3.0,16.0,8.0,35.0,47.0,22.87,32.25,1181.0
4923,2025-03-16 08:36:03.108887,2025.0,3.0,16.0,8.0,36.0,3.0,22.87,32.25,1181.0
4924,2025-03-16 08:36:19.082217,2025.0,3.0,16.0,8.0,36.0,19.0,22.87,32.25,1181.0
4925,2025-03-16 08:36:35.054958,2025.0,3.0,16.0,8.0,36.0,35.0,22.87,32.25,1181.0
4926,2025-03-16 08:36:51.026341,2025.0,3.0,16.0,8.0,36.0,51.0,22.87,32.25,1181.0
4927,2025-03-16 08:37:07.001477,2025.0,3.0,16.0,8.0,37.0,7.0,22.87,32.25,1181.0
4928,2025-03-16 08:37:22.974712,2025.0,3.0,16.0,8.0,37.0,22.0,22.87,32.25,1181.0
4929,2025-03-16 08:37:38.946500,2025.0,3.0,16.0,8.0,37.0,38.0,22.87,32.25,1181.0
4930,2025-03-16 08:37:54.919359,2025.0,3.0,16.0,8.0,37.0,54.0,22.817500000000003,32.31,1183.0
4931,2025-03-16 08:38:11.341387,2025.0,3.0,16.0,8.0,38.0,11.0,28.39,26.74,962.0
4932,2025-03-16 08:38:27.741358,2025.0,3.0,16.0,8.0,38.0,27.0,22.025,33.1,1215.0
4933,2025-03-16 08:38:44.148342,2025.0,3.0,16.0,8.0,38.0,44.0,22.015,33.11,1215.0
4934,2025-03-16 08:39:00.571103,2025.0,3.0,16.0,8.0,39.0,0.0,22.24875,32.88,1206.0
4935,2025-03-16 08:39:16.992797,2025.0,3.0,16.0,8.0,39.0,16.0,22.325,32.8,1203.0
4936,2025-03-16 08:39:33.386922,2025.0,3.0,16.0,8.0,39.0,33.0,22.46625,32.66,1197.0
4937,2025-03-16 08:39:49.801008,2025.0,3.0,16.0,8.0,39.0,49.0,32.51375,22.61,798.0
4938,2025-03-16 08:40:06.208654,2025.0,3.0,16.0,8.0,40.0,6.0,22.5375,32.59,1195.0
4939,2025-03-16 08:40:22.628744,2025.0,3.0,16.0,8.0,40.0,22.0,22.545,32.58,1194.0
4940,2025-03-16 08:40:39.051623,2025.0,3.0,16.0,8.0,40.0,39.0,22.52,32.61,1195.0
4941,2025-03-16 08:40:55.473192,2025.0,3.0,16.0,8.0,40.0,55.0,22.52,32.61,1195.0
4942,2025-03-16 08:41:11.445802,2025.0,3.0,16.0,8.0,41.0,11.0,22.4,32.72,1200.0
4943,2025-03-16 08:41:27.871474,2025.0,3.0,16.0,8.0,41.0,27.0,22.36,32.76,1202.0
4944,2025-03-16 08:41:44.293480,2025.0,3.0,16.0,8.0,41.0,44.0,22.36,32.76,1202.0
4945,2025-03-16 08:42:00.199965,2025.0,3.0,16.0,8.0,42.0,0.0,22.36,32.76,1202.0
4946,2025-03-16 08:42:16.110469,2025.0,3.0,16.0,8.0,42.0,16.0,22.36,32.76,1202.0
4947,2025-03-16 08:42:32.085470,2025.0,3.0,16.0,8.0,42.0,32.0,22.36,32.76,1202.0
4948,2025-03-16 08:42:48.034503,2025.0,3.0,16.0,8.0,42.0,48.0,22.36,32.76,1202.0
4949,2025-03-16 08:43:04.007052,2025.0,3.0,16.0,8.0,43.0,4.0,22.36,32.76,1202.0
4950,2025-03-16 08:43:19.979406,2025.0,3.0,16.0,8.0,43.0,19.0,22.36,32.76,1202.0
4951,2025-03-16 08:43:35.954155,2025.0,3.0,16.0,8.0,43.0,35.0,22.36,32.76,1202.0
4952,2025-03-16 08:43:51.923375,2025.0,3.0,16.0,8.0,43.0,51.0,22.34,32.78,1202.0
4953,2025-03-16 08:44:08.347710,2025.0,3.0,16.0,8.0,44.0,8.0,22.36,32.76,1202.0
4954,2025-03-16 08:44:24.740027,2025.0,3.0,16.0,8.0,44.0,24.0,22.375,32.75,1201.0
4955,2025-03-16 08:44:41.156391,2025.0,3.0,16.0,8.0,44.0,41.0,22.44,32.68,1199.0
4956,2025-03-16 08:44:57.577072,2025.0,3.0,16.0,8.0,44.0,57.0,22.44,32.68,1199.0
4957,2025-03-16 08:45:13.550568,2025.0,3.0,16.0,8.0,45.0,13.0,22.355,32.77,1202.0
4958,2025-03-16 08:45:29.973015,2025.0,3.0,16.0,8.0,45.0,29.0,22.275,32.85,1205.0
4959,2025-03-16 08:45:46.396887,2025.0,3.0,16.0,8.0,45.0,46.0,22.275,32.85,1205.0
4960,2025-03-16 08:46:02.370588,2025.0,3.0,16.0,8.0,46.0,2.0,22.275,32.85,1205.0
4961,2025-03-16 08:46:18.331753,2025.0,3.0,16.0,8.0,46.0,18.0,22.275,32.85,1205.0
4962,2025-03-16 08:46:34.305765,2025.0,3.0,16.0,8.0,46.0,34.0,22.275,32.85,1205.0
4963,2025-03-16 08:46:50.278216,2025.0,3.0,16.0,8.0,46.0,50.0,22.275,32.85,1205.0
4964,2025-03-16 08:47:06.252647,2025.0,3.0,16.0,8.0,47.0,6.0,22.275,32.85,1205.0
4965,2025-03-16 08:47:22.226510,2025.0,3.0,16.0,8.0,47.0,22.0,22.21375,32.91,1208.0
4966,2025-03-16 08:47:38.651298,2025.0,3.0,16.0,8.0,47.0,38.0,22.09,33.03,1212.0
4967,2025-03-16 08:47:55.073520,2025.0,3.0,16.0,8.0,47.0,55.0,22.09,33.03,1212.0
4968,2025-03-16 08:48:11.046593,2025.0,3.0,16.0,8.0,48.0,11.0,22.09,33.03,1212.0
4969,2025-03-16 08:48:27.019450,2025.0,3.0,16.0,8.0,48.0,27.0,22.09,33.03,1212.0
4970,2025-03-16 08:48:42.991401,2025.0,3.0,16.0,8.0,48.0,42.0,22.09,33.03,1212.0
4971,2025-03-16 08:48:58.966152,2025.0,3.0,16.0,8.0,48.0,58.0,22.09,33.03,1212.0
4972,2025-03-16 08:49:14.936042,2025.0,3.0,16.0,8.0,49.0,14.0,22.09,33.03,1212.0
4973,2025-03-16 08:49:30.910275,2025.0,3.0,16.0,8.0,49.0,30.0,22.09,33.03,1212.0
4974,2025-03-16 08:49:46.882529,2025.0,3.0,16.0,8.0,49.0,46.0,22.09,33.03,1212.0
4975,2025-03-16 08:50:02.858114,2025.0,3.0,16.0,8.0,50.0,2.0,22.09,33.03,1212.0
4976,2025-03-16 08:50:18.810241,2025.0,3.0,16.0,8.0,50.0,18.0,22.09,33.03,1212.0
4977,2025-03-16 08:50:34.786779,2025.0,3.0,16.0,8.0,50.0,34.0,26.53125,28.59,1036.0
4978,2025-03-16 08:50:51.208584,2025.0,3.0,16.0,8.0,50.0,51.0,21.880000000000003,33.24,1221.0
4979,2025-03-16 08:51:07.632276,2025.0,3.0,16.0,8.0,51.0,7.0,22.00875,33.12,1216.0
4980,2025-03-16 08:51:24.054072,2025.0,3.0,16.0,8.0,51.0,24.0,21.725,33.4,1227.0
4981,2025-03-16 08:51:40.437800,2025.0,3.0,16.0,8.0,51.0,40.0,21.66,33.47,1230.0
4982,2025-03-16 08:51:56.853186,2025.0,3.0,16.0,8.0,51.0,56.0,21.675,33.45,1229.0
4983,2025-03-16 08:52:13.277518,2025.0,3.0,16.0,8.0,52.0,13.0,22.11625,33.01,1211.0
4984,2025-03-16 08:52:29.700782,2025.0,3.0,16.0,8.0,52.0,29.0,28.15875,26.97,971.0
4985,2025-03-16 08:52:46.108110,2025.0,3.0,16.0,8.0,52.0,46.0,29.4325,25.69,920.0
4986,2025-03-16 08:53:02.516598,2025.0,3.0,16.0,8.0,53.0,2.0,22.89625,32.23,1180.0
4987,2025-03-16 08:53:18.922657,2025.0,3.0,16.0,8.0,53.0,18.0,22.87,32.25,1181.0
4988,2025-03-16 08:53:35.344963,2025.0,3.0,16.0,8.0,53.0,35.0,22.5225,32.6,1195.0
4989,2025-03-16 08:53:51.752572,2025.0,3.0,16.0,8.0,53.0,51.0,22.58,32.54,1193.0
4990,2025-03-16 08:54:08.176433,2025.0,3.0,16.0,8.0,54.0,8.0,22.51,32.62,1196.0
4991,2025-03-16 08:54:24.601023,2025.0,3.0,16.0,8.0,54.0,24.0,22.53,32.6,1195.0
4992,2025-03-16 08:54:41.007155,2025.0,3.0,16.0,8.0,54.0,41.0,22.505,32.62,1196.0
4993,2025-03-16 08:54:57.410948,2025.0,3.0,16.0,8.0,54.0,57.0,22.505,32.62,1196.0
4994,2025-03-16 08:55:13.372655,2025.0,3.0,16.0,8.0,55.0,13.0,22.51,32.62,1196.0
4995,2025-03-16 08:55:29.346671,2025.0,3.0,16.0,8.0,55.0,29.0,22.42,32.7,1199.0
4996,2025-03-16 08:55:45.753481,2025.0,3.0,16.0,8.0,55.0,45.0,22.485,32.64,1197.0
4997,2025-03-16 08:56:02.177164,2025.0,3.0,16.0,8.0,56.0,2.0,22.42,32.7,1199.0
4998,2025-03-16 08:56:18.584636,2025.0,3.0,16.0,8.0,56.0,18.0,22.52,32.61,1195.0
4999,2025-03-16 08:56:35.008053,2025.0,3.0,16.0,8.0,56.0,35.0,22.52,32.61,1195.0
5000,2025-03-16 08:56:50.983261,2025.0,3.0,16.0,8.0,56.0,50.0,22.52,32.61,1195.0
5001,2025-03-16 08:57:06.960783,2025.0,3.0,16.0,8.0,57.0,6.0,22.5,32.62,1196.0
5002,2025-03-16 08:57:23.384281,2025.0,3.0,16.0,8.0,57.0,23.0,22.4,32.72,1200.0
5003,2025-03-16 08:57:39.808455,2025.0,3.0,16.0,8.0,57.0,39.0,25.14125,29.98,1091.0
5004,2025-03-16 08:57:56.208466,2025.0,3.0,16.0,8.0,57.0,56.0,22.33625,32.79,1203.0
5005,2025-03-16 08:58:12.630634,2025.0,3.0,16.0,8.0,58.0,12.0,22.34,32.78,1202.0
5006,2025-03-16 08:58:29.026821,2025.0,3.0,16.0,8.0,58.0,29.0,22.31625,32.81,1203.0
5007,2025-03-16 08:58:45.442893,2025.0,3.0,16.0,8.0,58.0,45.0,22.20875,32.92,1208.0
5008,2025-03-16 08:59:01.870799,2025.0,3.0,16.0,8.0,59.0,1.0,22.185,32.94,1209.0
5009,2025-03-16 08:59:18.283279,2025.0,3.0,16.0,8.0,59.0,18.0,22.185,32.94,1209.0
5010,2025-03-16 08:59:34.255802,2025.0,3.0,16.0,8.0,59.0,34.0,22.185,32.94,1209.0
5011,2025-03-16 08:59:50.231033,2025.0,3.0,16.0,8.0,59.0,50.0,22.185,32.94,1209.0
5012,2025-03-16 09:00:06.198132,2025.0,3.0,16.0,9.0,0.0,6.0,22.18875,32.94,1209.0
5013,2025-03-16 09:00:22.166275,2025.0,3.0,16.0,9.0,0.0,22.0,22.18125,32.94,1209.0
5014,2025-03-16 09:00:38.115100,2025.0,3.0,16.0,9.0,0.0,38.0,22.185,32.94,1209.0
5015,2025-03-16 09:00:54.088573,2025.0,3.0,16.0,9.0,0.0,54.0,22.165000000000003,32.96,1209.0
5016,2025-03-16 09:01:10.512647,2025.0,3.0,16.0,9.0,1.0,10.0,22.18125,32.94,1209.0
5017,2025-03-16 09:01:26.937226,2025.0,3.0,16.0,9.0,1.0,26.0,22.03,33.1,1215.0
5018,2025-03-16 09:01:43.345600,2025.0,3.0,16.0,9.0,1.0,43.0,22.161250000000003,32.96,1210.0
5019,2025-03-16 09:01:59.771539,2025.0,3.0,16.0,9.0,1.0,59.0,22.18875,32.94,1209.0
5020,2025-03-16 09:02:16.187785,2025.0,3.0,16.0,9.0,2.0,16.0,22.18125,32.94,1209.0
5021,2025-03-16 09:02:32.164257,2025.0,3.0,16.0,9.0,2.0,32.0,22.12875,33.0,1211.0
5022,2025-03-16 09:02:48.570099,2025.0,3.0,16.0,9.0,2.0,48.0,21.735000000000003,33.39,1227.0
5023,2025-03-16 09:03:04.964499,2025.0,3.0,16.0,9.0,3.0,4.0,21.606250000000003,33.52,1232.0
5024,2025-03-16 09:03:21.372812,2025.0,3.0,16.0,9.0,3.0,21.0,21.40875,33.72,1240.0
5025,2025-03-16 09:03:37.768490,2025.0,3.0,16.0,9.0,3.0,37.0,21.54125,33.58,1234.0
5026,2025-03-16 09:03:54.194907,2025.0,3.0,16.0,9.0,3.0,54.0,21.42,33.7,1239.0
5027,2025-03-16 09:04:10.601899,2025.0,3.0,16.0,9.0,4.0,10.0,21.34,33.78,1242.0
5028,2025-03-16 09:04:27.025603,2025.0,3.0,16.0,9.0,4.0,27.0,21.5275,33.6,1235.0
5029,2025-03-16 09:04:43.433606,2025.0,3.0,16.0,9.0,4.0,43.0,21.83,33.3,1223.0
5030,2025-03-16 09:04:59.842493,2025.0,3.0,16.0,9.0,4.0,59.0,21.99,33.14,1216.0
5031,2025-03-16 09:05:16.252844,2025.0,3.0,16.0,9.0,5.0,16.0,22.01,33.11,1216.0
5032,2025-03-16 09:05:32.666251,2025.0,3.0,16.0,9.0,5.0,32.0,22.01,33.11,1216.0
5033,2025-03-16 09:05:48.640438,2025.0,3.0,16.0,9.0,5.0,48.0,22.24875,32.88,1206.0
5034,2025-03-16 09:06:05.065484,2025.0,3.0,16.0,9.0,6.0,5.0,22.29625,32.83,1204.0
5035,2025-03-16 09:06:21.477603,2025.0,3.0,16.0,9.0,6.0,21.0,22.33625,32.79,1203.0
5036,2025-03-16 09:06:37.898261,2025.0,3.0,16.0,9.0,6.0,37.0,11.22,43.9,1340.0
5037,2025-03-16 09:06:54.297828,2025.0,3.0,16.0,9.0,6.0,54.0,14.045000000000002,41.08,1340.0
5038,2025-03-16 09:07:10.721185,2025.0,3.0,16.0,9.0,7.0,10.0,11.32375,43.8,1340.0
5039,2025-03-16 09:07:27.127594,2025.0,3.0,16.0,9.0,7.0,27.0,22.57,32.56,1193.0
5040,2025-03-16 09:07:43.527275,2025.0,3.0,16.0,9.0,7.0,43.0,22.81125,32.31,1184.0
5041,2025-03-16 09:07:59.950878,2025.0,3.0,16.0,9.0,7.0,59.0,22.77375,32.35,1185.0
5042,2025-03-16 09:08:16.373500,2025.0,3.0,16.0,9.0,8.0,16.0,17.0925,38.03,1340.0
5043,2025-03-16 09:08:32.797494,2025.0,3.0,16.0,9.0,8.0,32.0,11.515,43.61,1340.0
5044,2025-03-16 09:08:49.221681,2025.0,3.0,16.0,9.0,8.0,49.0,0.0,55.12,1340.0
5045,2025-03-16 09:09:05.645500,2025.0,3.0,16.0,9.0,9.0,5.0,0.0,55.12,1340.0
5046,2025-03-16 09:09:21.619113,2025.0,3.0,16.0,9.0,9.0,21.0,0.0,55.12,1340.0
5047,2025-03-16 09:09:37.592360,2025.0,3.0,16.0,9.0,9.0,37.0,40.63125,14.49,475.0
5048,2025-03-16 09:09:54.001457,2025.0,3.0,16.0,9.0,9.0,54.0,17.55,37.58,1340.0
5049,2025-03-16 09:10:10.425743,2025.0,3.0,16.0,9.0,10.0,10.0,43.875,11.25,346.0
5050,2025-03-16 09:10:58.509931,2025.0,3.0,16.0,9.0,10.0,58.0,28.45875,26.67,959.0
5051,2025-03-16 09:11:14.918910,2025.0,3.0,16.0,9.0,11.0,14.0,22.125,33.0,1211.0
5052,2025-03-16 09:11:31.331074,2025.0,3.0,16.0,9.0,11.0,31.0,22.2,32.92,1208.0
5053,2025-03-16 09:11:47.744833,2025.0,3.0,16.0,9.0,11.0,47.0,22.18125,32.94,1209.0
5054,2025-03-16 09:12:04.169082,2025.0,3.0,16.0,9.0,12.0,4.0,22.0875,33.04,1213.0
5055,2025-03-16 09:12:20.593991,2025.0,3.0,16.0,9.0,12.0,20.0,22.05,33.08,1214.0
5056,2025-03-16 09:12:37.018286,2025.0,3.0,16.0,9.0,12.0,37.0,22.055,33.07,1214.0
5057,2025-03-16 09:12:53.441648,2025.0,3.0,16.0,9.0,12.0,53.0,22.085,33.04,1213.0
5058,2025-03-16 09:13:09.861443,2025.0,3.0,16.0,9.0,13.0,9.0,22.04,33.08,1214.0
5059,2025-03-16 09:13:26.285064,2025.0,3.0,16.0,9.0,13.0,26.0,21.92,33.2,1219.0
5060,2025-03-16 09:13:42.690697,2025.0,3.0,16.0,9.0,13.0,42.0,21.840000000000003,33.28,1222.0
5061,2025-03-16 09:13:59.114517,2025.0,3.0,16.0,9.0,13.0,59.0,21.75,33.38,1226.0
5062,2025-03-16 09:14:15.538028,2025.0,3.0,16.0,9.0,14.0,15.0,21.79,33.34,1224.0
5063,2025-03-16 09:14:31.938125,2025.0,3.0,16.0,9.0,14.0,31.0,21.79,33.34,1224.0
5064,2025-03-16 09:14:47.911666,2025.0,3.0,16.0,9.0,14.0,47.0,21.745,33.38,1226.0
5065,2025-03-16 09:15:04.339342,2025.0,3.0,16.0,9.0,15.0,4.0,21.58375,33.54,1233.0
5066,2025-03-16 09:15:20.738456,2025.0,3.0,16.0,9.0,15.0,20.0,21.185,33.94,1248.0
5067,2025-03-16 09:15:37.162282,2025.0,3.0,16.0,9.0,15.0,37.0,21.07,34.06,1253.0
5068,2025-03-16 09:15:53.586987,2025.0,3.0,16.0,9.0,15.0,53.0,21.135,33.99,1250.0
5069,2025-03-16 09:16:10.002291,2025.0,3.0,16.0,9.0,16.0,10.0,21.275,33.85,1245.0
5070,2025-03-16 09:16:26.426563,2025.0,3.0,16.0,9.0,16.0,26.0,24.57125,30.55,1114.0
5071,2025-03-16 09:16:42.851584,2025.0,3.0,16.0,9.0,16.0,42.0,21.085,34.04,1252.0
5072,2025-03-16 09:16:59.258687,2025.0,3.0,16.0,9.0,16.0,59.0,21.06,34.06,1253.0
5073,2025-03-16 09:17:15.682385,2025.0,3.0,16.0,9.0,17.0,15.0,21.06,34.06,1253.0
5074,2025-03-16 09:17:31.655976,2025.0,3.0,16.0,9.0,17.0,31.0,21.06,34.06,1253.0
5075,2025-03-16 09:17:47.631236,2025.0,3.0,16.0,9.0,17.0,47.0,21.06,34.06,1253.0
5076,2025-03-16 09:18:03.605723,2025.0,3.0,16.0,9.0,18.0,3.0,21.06,34.06,1253.0
5077,2025-03-16 09:18:19.575084,2025.0,3.0,16.0,9.0,18.0,19.0,21.06,34.06,1253.0
5078,2025-03-16 09:18:35.548750,2025.0,3.0,16.0,9.0,18.0,35.0,21.06,34.06,1253.0
5079,2025-03-16 09:18:51.523481,2025.0,3.0,16.0,9.0,18.0,51.0,21.06,34.06,1253.0
5080,2025-03-16 09:19:07.489058,2025.0,3.0,16.0,9.0,19.0,7.0,21.06,34.06,1253.0
5081,2025-03-16 09:19:23.437533,2025.0,3.0,16.0,9.0,19.0,23.0,21.06,34.06,1253.0
5082,2025-03-16 09:19:39.409166,2025.0,3.0,16.0,9.0,19.0,39.0,21.06,34.06,1253.0
5083,2025-03-16 09:19:55.384924,2025.0,3.0,16.0,9.0,19.0,55.0,21.06,34.06,1253.0
5084,2025-03-16 09:20:11.359701,2025.0,3.0,16.0,9.0,20.0,11.0,21.06,34.06,1253.0
5085,2025-03-16 09:20:27.319534,2025.0,3.0,16.0,9.0,20.0,27.0,21.06,34.06,1253.0
5086,2025-03-16 09:20:43.292742,2025.0,3.0,16.0,9.0,20.0,43.0,21.06,34.06,1253.0
5087,2025-03-16 09:20:59.267749,2025.0,3.0,16.0,9.0,20.0,59.0,21.06,34.06,1253.0
5088,2025-03-16 09:21:15.243461,2025.0,3.0,16.0,9.0,21.0,15.0,21.06,34.06,1253.0
5089,2025-03-16 09:21:31.206164,2025.0,3.0,16.0,9.0,21.0,31.0,21.06,34.06,1253.0
5090,2025-03-16 09:21:47.179817,2025.0,3.0,16.0,9.0,21.0,47.0,21.06,34.06,1253.0
5091,2025-03-16 09:22:03.153251,2025.0,3.0,16.0,9.0,22.0,3.0,21.06,34.06,1253.0
5092,2025-03-16 09:22:19.104673,2025.0,3.0,16.0,9.0,22.0,19.0,21.06,34.06,1253.0
5093,2025-03-16 09:22:35.079760,2025.0,3.0,16.0,9.0,22.0,35.0,21.06,34.06,1253.0
5094,2025-03-16 09:22:51.042170,2025.0,3.0,16.0,9.0,22.0,51.0,21.06,34.06,1253.0
5095,2025-03-16 09:23:07.016672,2025.0,3.0,16.0,9.0,23.0,7.0,21.06,34.06,1253.0
5096,2025-03-16 09:23:22.991638,2025.0,3.0,16.0,9.0,23.0,22.0,21.06,34.06,1253.0
5097,2025-03-16 09:23:38.964998,2025.0,3.0,16.0,9.0,23.0,38.0,21.06,34.06,1253.0
5098,2025-03-16 09:23:54.940538,2025.0,3.0,16.0,9.0,23.0,54.0,21.06,34.06,1253.0
5099,2025-03-16 09:24:10.908069,2025.0,3.0,16.0,9.0,24.0,10.0,21.06,34.06,1253.0
5100,2025-03-16 09:24:26.883370,2025.0,3.0,16.0,9.0,24.0,26.0,21.06,34.06,1253.0
5101,2025-03-16 09:24:42.849489,2025.0,3.0,16.0,9.0,24.0,42.0,21.06,34.06,1253.0
5102,2025-03-16 09:24:58.808421,2025.0,3.0,16.0,9.0,24.0,58.0,21.06,34.06,1253.0
5103,2025-03-16 09:25:14.784614,2025.0,3.0,16.0,9.0,25.0,14.0,21.06,34.06,1253.0
5104,2025-03-16 09:25:30.759689,2025.0,3.0,16.0,9.0,25.0,30.0,21.06,34.06,1253.0
5105,2025-03-16 09:25:46.734340,2025.0,3.0,16.0,9.0,25.0,46.0,21.06,34.06,1253.0
5106,2025-03-16 09:26:02.691278,2025.0,3.0,16.0,9.0,26.0,2.0,21.06,34.06,1253.0
5107,2025-03-16 09:26:18.666486,2025.0,3.0,16.0,9.0,26.0,18.0,21.06,34.06,1253.0
5108,2025-03-16 09:26:34.640766,2025.0,3.0,16.0,9.0,26.0,34.0,21.06,34.06,1253.0
5109,2025-03-16 09:26:50.615717,2025.0,3.0,16.0,9.0,26.0,50.0,21.06,34.06,1253.0
5110,2025-03-16 09:27:06.557304,2025.0,3.0,16.0,9.0,27.0,6.0,21.06,34.06,1253.0
5111,2025-03-16 09:27:22.532452,2025.0,3.0,16.0,9.0,27.0,22.0,21.06,34.06,1253.0
5112,2025-03-16 09:27:38.510073,2025.0,3.0,16.0,9.0,27.0,38.0,21.06,34.06,1253.0
5113,2025-03-16 09:27:54.466882,2025.0,3.0,16.0,9.0,27.0,54.0,21.06,34.06,1253.0
5114,2025-03-16 09:28:10.440829,2025.0,3.0,16.0,9.0,28.0,10.0,21.06,34.06,1253.0
5115,2025-03-16 09:28:26.386955,2025.0,3.0,16.0,9.0,28.0,26.0,20.77375,34.35,1265.0
5116,2025-03-16 09:28:42.810394,2025.0,3.0,16.0,9.0,28.0,42.0,21.28375,33.84,1245.0
5117,2025-03-16 09:28:59.234490,2025.0,3.0,16.0,9.0,28.0,59.0,20.5825,34.54,1272.0
5118,2025-03-16 09:29:15.646104,2025.0,3.0,16.0,9.0,29.0,15.0,24.231250000000003,30.89,1127.0
5119,2025-03-16 09:29:32.041697,2025.0,3.0,16.0,9.0,29.0,32.0,20.755000000000003,34.37,1266.0
5120,2025-03-16 09:29:48.457101,2025.0,3.0,16.0,9.0,29.0,48.0,24.5375,30.59,1115.0
5121,2025-03-16 09:30:04.882158,2025.0,3.0,16.0,9.0,30.0,4.0,20.785,34.34,1264.0
5122,2025-03-16 09:30:21.282870,2025.0,3.0,16.0,9.0,30.0,21.0,20.8375,34.29,1262.0
5123,2025-03-16 09:30:37.706847,2025.0,3.0,16.0,9.0,30.0,37.0,20.8,34.33,1264.0
5124,2025-03-16 09:30:54.113535,2025.0,3.0,16.0,9.0,30.0,54.0,20.83,34.3,1263.0
5125,2025-03-16 09:31:10.514293,2025.0,3.0,16.0,9.0,31.0,10.0,20.83,34.3,1263.0
5126,2025-03-16 09:31:26.484592,2025.0,3.0,16.0,9.0,31.0,26.0,20.83,34.3,1263.0
5127,2025-03-16 09:31:42.460419,2025.0,3.0,16.0,9.0,31.0,42.0,20.83,34.3,1263.0
5128,2025-03-16 09:31:58.437275,2025.0,3.0,16.0,9.0,31.0,58.0,20.83,34.3,1263.0
5129,2025-03-16 09:32:14.394057,2025.0,3.0,16.0,9.0,32.0,14.0,20.83,34.3,1263.0
5130,2025-03-16 09:32:30.363609,2025.0,3.0,16.0,9.0,32.0,30.0,20.83,34.3,1263.0
5131,2025-03-16 09:32:46.337837,2025.0,3.0,16.0,9.0,32.0,46.0,20.83,34.3,1263.0
5132,2025-03-16 09:33:02.313788,2025.0,3.0,16.0,9.0,33.0,2.0,20.83,34.3,1263.0
5133,2025-03-16 09:33:18.288943,2025.0,3.0,16.0,9.0,33.0,18.0,20.83,34.3,1263.0
5134,2025-03-16 09:33:34.248842,2025.0,3.0,16.0,9.0,33.0,34.0,20.83,34.3,1263.0
5135,2025-03-16 09:33:50.224111,2025.0,3.0,16.0,9.0,33.0,50.0,20.83,34.3,1263.0
5136,2025-03-16 09:34:06.176905,2025.0,3.0,16.0,9.0,34.0,6.0,20.83,34.3,1263.0
5137,2025-03-16 09:34:22.153792,2025.0,3.0,16.0,9.0,34.0,22.0,20.83,34.3,1263.0
5138,2025-03-16 09:34:38.128564,2025.0,3.0,16.0,9.0,34.0,38.0,20.83,34.3,1263.0
5139,2025-03-16 09:34:54.101829,2025.0,3.0,16.0,9.0,34.0,54.0,20.83,34.3,1263.0
5140,2025-03-16 09:35:10.080252,2025.0,3.0,16.0,9.0,35.0,10.0,20.83,34.3,1263.0
5141,2025-03-16 09:35:26.046019,2025.0,3.0,16.0,9.0,35.0,26.0,20.83,34.3,1263.0
5142,2025-03-16 09:35:42.020917,2025.0,3.0,16.0,9.0,35.0,42.0,20.83,34.3,1263.0
5143,2025-03-16 09:35:57.983470,2025.0,3.0,16.0,9.0,35.0,57.0,20.83,34.3,1263.0
5144,2025-03-16 09:36:13.958814,2025.0,3.0,16.0,9.0,36.0,13.0,20.83,34.3,1263.0
5145,2025-03-16 09:36:29.933193,2025.0,3.0,16.0,9.0,36.0,29.0,20.83,34.3,1263.0
5146,2025-03-16 09:36:45.909426,2025.0,3.0,16.0,9.0,36.0,45.0,20.83,34.3,1263.0
5147,2025-03-16 09:37:01.884700,2025.0,3.0,16.0,9.0,37.0,1.0,20.83,34.3,1263.0
5148,2025-03-16 09:37:17.863201,2025.0,3.0,16.0,9.0,37.0,17.0,20.83,34.3,1263.0
5149,2025-03-16 09:37:33.813361,2025.0,3.0,16.0,9.0,37.0,33.0,20.83,34.3,1263.0
5150,2025-03-16 09:37:49.764613,2025.0,3.0,16.0,9.0,37.0,49.0,20.83,34.3,1263.0
5151,2025-03-16 09:38:05.741406,2025.0,3.0,16.0,9.0,38.0,5.0,20.83,34.3,1263.0
5152,2025-03-16 09:38:21.695509,2025.0,3.0,16.0,9.0,38.0,21.0,20.83,34.3,1263.0
5153,2025-03-16 09:38:37.669904,2025.0,3.0,16.0,9.0,38.0,37.0,20.83,34.3,1263.0
5154,2025-03-16 09:38:53.641768,2025.0,3.0,16.0,9.0,38.0,53.0,20.83,34.3,1263.0
5155,2025-03-16 09:39:09.616763,2025.0,3.0,16.0,9.0,39.0,9.0,20.83,34.3,1263.0
5156,2025-03-16 09:39:25.592446,2025.0,3.0,16.0,9.0,39.0,25.0,20.83,34.3,1263.0
5157,2025-03-16 09:39:41.539336,2025.0,3.0,16.0,9.0,39.0,41.0,20.83,34.3,1263.0
5158,2025-03-16 09:39:57.513549,2025.0,3.0,16.0,9.0,39.0,57.0,20.83,34.3,1263.0
5159,2025-03-16 09:40:13.489072,2025.0,3.0,16.0,9.0,40.0,13.0,20.76,34.36,1265.0
5160,2025-03-16 09:40:29.911362,2025.0,3.0,16.0,9.0,40.0,29.0,20.59,34.53,1272.0
5161,2025-03-16 09:40:46.336417,2025.0,3.0,16.0,9.0,40.0,46.0,20.46,34.66,1277.0
5162,2025-03-16 09:41:02.731710,2025.0,3.0,16.0,9.0,41.0,2.0,20.45,34.67,1278.0
5163,2025-03-16 09:41:19.153569,2025.0,3.0,16.0,9.0,41.0,19.0,20.45,34.67,1278.0
5164,2025-03-16 09:41:35.129179,2025.0,3.0,16.0,9.0,41.0,35.0,20.47,34.66,1277.0
5165,2025-03-16 09:41:51.554856,2025.0,3.0,16.0,9.0,41.0,51.0,20.605,34.52,1272.0
5166,2025-03-16 09:42:07.979756,2025.0,3.0,16.0,9.0,42.0,7.0,20.635,34.49,1270.0
5167,2025-03-16 09:42:24.403783,2025.0,3.0,16.0,9.0,42.0,24.0,20.63,34.5,1271.0
5168,2025-03-16 09:42:40.814867,2025.0,3.0,16.0,9.0,42.0,40.0,20.63,34.5,1271.0
5169,2025-03-16 09:42:56.789783,2025.0,3.0,16.0,9.0,42.0,56.0,20.63,34.5,1271.0
5170,2025-03-16 09:43:12.765631,2025.0,3.0,16.0,9.0,43.0,12.0,20.49,34.64,1276.0
5171,2025-03-16 09:43:29.159211,2025.0,3.0,16.0,9.0,43.0,29.0,20.47,34.66,1277.0
5172,2025-03-16 09:43:45.578611,2025.0,3.0,16.0,9.0,43.0,45.0,20.47,34.66,1277.0
5173,2025-03-16 09:44:01.553486,2025.0,3.0,16.0,9.0,44.0,1.0,20.47,34.66,1277.0
5174,2025-03-16 09:44:17.508280,2025.0,3.0,16.0,9.0,44.0,17.0,20.47,34.66,1277.0
5175,2025-03-16 09:44:33.485692,2025.0,3.0,16.0,9.0,44.0,33.0,20.47,34.66,1277.0
5176,2025-03-16 09:44:49.461144,2025.0,3.0,16.0,9.0,44.0,49.0,20.47,34.66,1277.0
5177,2025-03-16 09:45:05.437463,2025.0,3.0,16.0,9.0,45.0,5.0,20.47,34.66,1277.0
5178,2025-03-16 09:45:21.415283,2025.0,3.0,16.0,9.0,45.0,21.0,20.47,34.66,1277.0
5179,2025-03-16 09:45:37.374818,2025.0,3.0,16.0,9.0,45.0,37.0,20.45,34.67,1278.0
5180,2025-03-16 09:45:53.799274,2025.0,3.0,16.0,9.0,45.0,53.0,20.45,34.67,1278.0
5181,2025-03-16 09:46:09.777626,2025.0,3.0,16.0,9.0,46.0,9.0,20.47,34.66,1277.0
5182,2025-03-16 09:46:26.199516,2025.0,3.0,16.0,9.0,46.0,26.0,20.45,34.67,1278.0
5183,2025-03-16 09:46:42.623834,2025.0,3.0,16.0,9.0,46.0,42.0,20.47,34.66,1277.0
5184,2025-03-16 09:46:59.050855,2025.0,3.0,16.0,9.0,46.0,59.0,20.47,34.66,1277.0
5185,2025-03-16 09:47:15.007706,2025.0,3.0,16.0,9.0,47.0,15.0,20.45,34.67,1278.0
5186,2025-03-16 09:47:31.432032,2025.0,3.0,16.0,9.0,47.0,31.0,20.47,34.66,1277.0
5187,2025-03-16 09:47:47.858791,2025.0,3.0,16.0,9.0,47.0,47.0,20.45,34.67,1278.0
5188,2025-03-16 09:48:04.259608,2025.0,3.0,16.0,9.0,48.0,4.0,20.47,34.66,1277.0
5189,2025-03-16 09:48:20.672706,2025.0,3.0,16.0,9.0,48.0,20.0,20.45,34.67,1278.0
5190,2025-03-16 09:48:37.098011,2025.0,3.0,16.0,9.0,48.0,37.0,20.47,34.66,1277.0
5191,2025-03-16 09:48:53.523340,2025.0,3.0,16.0,9.0,48.0,53.0,20.45,34.67,1278.0
5192,2025-03-16 09:49:09.947328,2025.0,3.0,16.0,9.0,49.0,9.0,20.45,34.67,1278.0
5193,2025-03-16 09:49:25.919442,2025.0,3.0,16.0,9.0,49.0,25.0,20.47,34.66,1277.0
5194,2025-03-16 09:49:42.348298,2025.0,3.0,16.0,9.0,49.0,42.0,20.45,34.67,1278.0
5195,2025-03-16 09:49:58.777514,2025.0,3.0,16.0,9.0,49.0,58.0,20.43,34.7,1278.0
5196,2025-03-16 09:50:15.157656,2025.0,3.0,16.0,9.0,50.0,15.0,20.47,34.66,1277.0
5197,2025-03-16 09:50:31.555459,2025.0,3.0,16.0,9.0,50.0,31.0,20.43,34.7,1278.0
5198,2025-03-16 09:50:47.955110,2025.0,3.0,16.0,9.0,50.0,47.0,20.47,34.66,1277.0
5199,2025-03-16 09:51:04.379264,2025.0,3.0,16.0,9.0,51.0,4.0,20.545,34.58,1274.0
5200,2025-03-16 09:51:20.806319,2025.0,3.0,16.0,9.0,51.0,20.0,20.34375,34.78,1282.0
5201,2025-03-16 09:51:37.231522,2025.0,3.0,16.0,9.0,51.0,37.0,20.3975,34.73,1280.0
5202,2025-03-16 09:51:53.634187,2025.0,3.0,16.0,9.0,51.0,53.0,20.375,34.75,1281.0
5203,2025-03-16 09:52:10.059766,2025.0,3.0,16.0,9.0,52.0,10.0,20.215,34.91,1287.0
5204,2025-03-16 09:52:26.458457,2025.0,3.0,16.0,9.0,52.0,26.0,20.1675,34.96,1289.0
5205,2025-03-16 09:52:42.883730,2025.0,3.0,16.0,9.0,52.0,42.0,20.14375,34.98,1290.0
5206,2025-03-16 09:52:59.311140,2025.0,3.0,16.0,9.0,52.0,59.0,20.28625,34.84,1284.0
5207,2025-03-16 09:53:15.739120,2025.0,3.0,16.0,9.0,53.0,15.0,20.55,34.58,1274.0
5208,2025-03-16 09:53:32.166767,2025.0,3.0,16.0,9.0,53.0,32.0,20.62,34.51,1271.0
5209,2025-03-16 09:53:48.594385,2025.0,3.0,16.0,9.0,53.0,48.0,20.595,34.53,1272.0
5210,2025-03-16 09:54:05.019500,2025.0,3.0,16.0,9.0,54.0,5.0,20.51,34.61,1275.0
5211,2025-03-16 09:54:21.448690,2025.0,3.0,16.0,9.0,54.0,21.0,20.505000000000003,34.62,1276.0
5212,2025-03-16 09:54:37.867535,2025.0,3.0,16.0,9.0,54.0,37.0,20.42,34.7,1279.0
5213,2025-03-16 09:54:54.281599,2025.0,3.0,16.0,9.0,54.0,54.0,20.44,34.68,1278.0
5214,2025-03-16 09:55:10.706881,2025.0,3.0,16.0,9.0,55.0,10.0,20.34,34.78,1282.0
5215,2025-03-16 09:55:27.127046,2025.0,3.0,16.0,9.0,55.0,27.0,20.34,34.78,1282.0
5216,2025-03-16 09:55:43.103014,2025.0,3.0,16.0,9.0,55.0,43.0,20.385,34.74,1280.0
5217,2025-03-16 09:55:59.529012,2025.0,3.0,16.0,9.0,55.0,59.0,20.355,34.77,1281.0
5218,2025-03-16 09:56:15.956462,2025.0,3.0,16.0,9.0,56.0,15.0,20.380000000000003,34.74,1280.0
5219,2025-03-16 09:56:32.383681,2025.0,3.0,16.0,9.0,56.0,32.0,20.33,34.8,1282.0
5220,2025-03-16 09:56:48.792777,2025.0,3.0,16.0,9.0,56.0,48.0,20.380000000000003,34.74,1280.0
5221,2025-03-16 09:57:05.219934,2025.0,3.0,16.0,9.0,57.0,5.0,20.34,34.78,1282.0
5222,2025-03-16 09:57:21.647363,2025.0,3.0,16.0,9.0,57.0,21.0,20.37,34.75,1281.0
5223,2025-03-16 09:57:38.051044,2025.0,3.0,16.0,9.0,57.0,38.0,20.35,34.78,1282.0
5224,2025-03-16 09:57:54.467460,2025.0,3.0,16.0,9.0,57.0,54.0,20.380000000000003,34.74,1280.0
5225,2025-03-16 09:58:10.891925,2025.0,3.0,16.0,9.0,58.0,10.0,20.33,34.8,1282.0
5226,2025-03-16 09:58:27.300052,2025.0,3.0,16.0,9.0,58.0,27.0,20.35,34.78,1282.0
5227,2025-03-16 09:58:43.727640,2025.0,3.0,16.0,9.0,58.0,43.0,20.31,34.82,1283.0
5228,2025-03-16 09:59:00.130922,2025.0,3.0,16.0,9.0,59.0,0.0,20.35,34.78,1282.0
5229,2025-03-16 09:59:16.547469,2025.0,3.0,16.0,9.0,59.0,16.0,20.31,34.82,1283.0
5230,2025-03-16 09:59:32.972428,2025.0,3.0,16.0,9.0,59.0,32.0,20.34,34.78,1282.0
5231,2025-03-16 09:59:49.399100,2025.0,3.0,16.0,9.0,59.0,49.0,20.32,34.8,1283.0
5232,2025-03-16 10:00:05.808639,2025.0,3.0,16.0,10.0,0.0,5.0,20.31,34.82,1283.0
5233,2025-03-16 10:00:22.235082,2025.0,3.0,16.0,10.0,0.0,22.0,20.31,34.82,1283.0
5234,2025-03-16 10:00:38.208569,2025.0,3.0,16.0,10.0,0.0,38.0,20.31,34.82,1283.0
5235,2025-03-16 10:00:54.186144,2025.0,3.0,16.0,10.0,0.0,54.0,20.31,34.82,1283.0
5236,2025-03-16 10:01:10.162118,2025.0,3.0,16.0,10.0,1.0,10.0,20.31,34.82,1283.0
5237,2025-03-16 10:01:26.132745,2025.0,3.0,16.0,10.0,1.0,26.0,20.31,34.82,1283.0
5238,2025-03-16 10:01:42.110167,2025.0,3.0,16.0,10.0,1.0,42.0,20.31,34.82,1283.0
5239,2025-03-16 10:01:58.086363,2025.0,3.0,16.0,10.0,1.0,58.0,20.31,34.82,1283.0
5240,2025-03-16 10:02:14.062515,2025.0,3.0,16.0,10.0,2.0,14.0,20.31,34.82,1283.0
5241,2025-03-16 10:02:30.041104,2025.0,3.0,16.0,10.0,2.0,30.0,20.31,34.82,1283.0
5242,2025-03-16 10:02:46.018222,2025.0,3.0,16.0,10.0,2.0,46.0,20.31,34.82,1283.0
5243,2025-03-16 10:03:01.997392,2025.0,3.0,16.0,10.0,3.0,1.0,20.31,34.82,1283.0
5244,2025-03-16 10:03:17.975453,2025.0,3.0,16.0,10.0,3.0,17.0,20.31,34.82,1283.0
5245,2025-03-16 10:03:33.948111,2025.0,3.0,16.0,10.0,3.0,33.0,20.31,34.82,1283.0
5246,2025-03-16 10:03:49.925661,2025.0,3.0,16.0,10.0,3.0,49.0,20.31,34.82,1283.0
5247,2025-03-16 10:04:05.896996,2025.0,3.0,16.0,10.0,4.0,5.0,20.38,34.75,1280.0
5248,2025-03-16 10:04:22.323274,2025.0,3.0,16.0,10.0,4.0,22.0,20.31,34.82,1283.0
5249,2025-03-16 10:04:38.748547,2025.0,3.0,16.0,10.0,4.0,38.0,20.15625,34.97,1289.0
5250,2025-03-16 10:04:55.175456,2025.0,3.0,16.0,10.0,4.0,55.0,20.161250000000003,34.96,1289.0
5251,2025-03-16 10:05:11.600534,2025.0,3.0,16.0,10.0,5.0,11.0,19.9,35.22,1300.0
5252,2025-03-16 10:05:28.027636,2025.0,3.0,16.0,10.0,5.0,28.0,19.81,35.32,1303.0
5253,2025-03-16 10:05:44.455430,2025.0,3.0,16.0,10.0,5.0,44.0,19.8,35.33,1304.0
5254,2025-03-16 10:06:00.873229,2025.0,3.0,16.0,10.0,6.0,0.0,19.925,35.2,1299.0
5255,2025-03-16 10:06:17.284440,2025.0,3.0,16.0,10.0,6.0,17.0,19.995,35.13,1296.0
5256,2025-03-16 10:06:33.705721,2025.0,3.0,16.0,10.0,6.0,33.0,19.85,35.28,1302.0
5257,2025-03-16 10:06:50.125108,2025.0,3.0,16.0,10.0,6.0,50.0,19.78125,35.34,1304.0
5258,2025-03-16 10:07:06.548756,2025.0,3.0,16.0,10.0,7.0,6.0,19.786250000000003,35.34,1304.0
5259,2025-03-16 10:07:22.528983,2025.0,3.0,16.0,10.0,7.0,22.0,19.8,35.33,1304.0
5260,2025-03-16 10:07:38.955691,2025.0,3.0,16.0,10.0,7.0,38.0,19.78125,35.34,1304.0
5261,2025-03-16 10:07:55.381654,2025.0,3.0,16.0,10.0,7.0,55.0,19.8,35.33,1304.0
5262,2025-03-16 10:08:11.807628,2025.0,3.0,16.0,10.0,8.0,11.0,19.965,35.16,1297.0
5263,2025-03-16 10:08:28.232888,2025.0,3.0,16.0,10.0,8.0,28.0,19.97,35.16,1297.0
5264,2025-03-16 10:08:44.209867,2025.0,3.0,16.0,10.0,8.0,44.0,19.975,35.15,1297.0
5265,2025-03-16 10:09:00.630682,2025.0,3.0,16.0,10.0,9.0,0.0,19.965,35.16,1297.0
5266,2025-03-16 10:09:17.056813,2025.0,3.0,16.0,10.0,9.0,17.0,19.99,35.14,1296.0
5267,2025-03-16 10:09:33.471197,2025.0,3.0,16.0,10.0,9.0,33.0,20.09,35.03,1292.0
5268,2025-03-16 10:09:49.887782,2025.0,3.0,16.0,10.0,9.0,49.0,20.16,34.97,1289.0
5269,2025-03-16 10:10:06.315127,2025.0,3.0,16.0,10.0,10.0,6.0,20.12,35.01,1291.0
5270,2025-03-16 10:10:22.741201,2025.0,3.0,16.0,10.0,10.0,22.0,20.165,34.96,1289.0
5271,2025-03-16 10:10:39.143819,2025.0,3.0,16.0,10.0,10.0,39.0,20.16,34.97,1289.0
5272,2025-03-16 10:10:55.572309,2025.0,3.0,16.0,10.0,10.0,55.0,20.165,34.96,1289.0
5273,2025-03-16 10:11:11.999485,2025.0,3.0,16.0,10.0,11.0,11.0,20.31125,34.81,1283.0
5274,2025-03-16 10:11:28.424445,2025.0,3.0,16.0,10.0,11.0,28.0,20.380000000000003,34.74,1280.0
5275,2025-03-16 10:11:44.851458,2025.0,3.0,16.0,10.0,11.0,44.0,20.31,34.82,1283.0
5276,2025-03-16 10:12:01.258388,2025.0,3.0,16.0,10.0,12.0,1.0,20.43125,34.69,1278.0
5277,2025-03-16 10:12:17.666423,2025.0,3.0,16.0,10.0,12.0,17.0,20.47625,34.65,1277.0
5278,2025-03-16 10:12:34.086609,2025.0,3.0,16.0,10.0,12.0,34.0,20.48625,34.64,1276.0
5279,2025-03-16 10:12:50.514670,2025.0,3.0,16.0,10.0,12.0,50.0,20.565,34.56,1273.0
5280,2025-03-16 10:13:06.940432,2025.0,3.0,16.0,10.0,13.0,6.0,20.59625,34.53,1272.0
5281,2025-03-16 10:13:23.362251,2025.0,3.0,16.0,10.0,13.0,23.0,22.86875,32.26,1181.0
5282,2025-03-16 10:13:39.778241,2025.0,3.0,16.0,10.0,13.0,39.0,30.192500000000003,24.93,890.0
5283,2025-03-16 10:13:56.188453,2025.0,3.0,16.0,10.0,13.0,56.0,34.915000000000006,20.21,702.0
5284,2025-03-16 10:14:12.599355,2025.0,3.0,16.0,10.0,14.0,12.0,30.1075,25.02,893.0
5285,2025-03-16 10:14:29.009452,2025.0,3.0,16.0,10.0,14.0,29.0,32.55375,22.57,796.0
5286,2025-03-16 10:14:45.419860,2025.0,3.0,16.0,10.0,14.0,45.0,30.127500000000005,25.0,893.0
5287,2025-03-16 10:15:01.816061,2025.0,3.0,16.0,10.0,15.0,1.0,32.53375,22.59,797.0
5288,2025-03-16 10:15:18.217896,2025.0,3.0,16.0,10.0,15.0,18.0,34.88125,20.24,703.0
5289,2025-03-16 10:15:34.626491,2025.0,3.0,16.0,10.0,15.0,34.0,22.9775,32.15,1177.0
5290,2025-03-16 10:15:51.047650,2025.0,3.0,16.0,10.0,15.0,51.0,27.6725,27.45,990.0
5291,2025-03-16 10:16:07.457470,2025.0,3.0,16.0,10.0,16.0,7.0,20.50125,34.62,1276.0
5292,2025-03-16 10:16:23.872650,2025.0,3.0,16.0,10.0,16.0,23.0,19.825000000000003,35.3,1303.0
5293,2025-03-16 10:16:40.284894,2025.0,3.0,16.0,10.0,16.0,40.0,20.06375,35.06,1293.0
5294,2025-03-16 10:16:56.703821,2025.0,3.0,16.0,10.0,16.0,56.0,19.60375,35.52,1311.0
5295,2025-03-16 10:17:13.120272,2025.0,3.0,16.0,10.0,17.0,13.0,22.3025,32.82,1204.0
5296,2025-03-16 10:17:29.547448,2025.0,3.0,16.0,10.0,17.0,29.0,19.60375,35.52,1311.0
5297,2025-03-16 10:17:45.973340,2025.0,3.0,16.0,10.0,17.0,45.0,19.49,35.64,1316.0
5298,2025-03-16 10:18:02.397934,2025.0,3.0,16.0,10.0,18.0,2.0,19.47,35.66,1317.0
5299,2025-03-16 10:18:18.795633,2025.0,3.0,16.0,10.0,18.0,18.0,19.47,35.66,1317.0
5300,2025-03-16 10:18:34.771169,2025.0,3.0,16.0,10.0,18.0,34.0,19.47,35.66,1317.0
5301,2025-03-16 10:18:50.736951,2025.0,3.0,16.0,10.0,18.0,50.0,19.47,35.66,1317.0
5302,2025-03-16 10:19:06.715333,2025.0,3.0,16.0,10.0,19.0,6.0,19.47,35.66,1317.0
5303,2025-03-16 10:19:22.681436,2025.0,3.0,16.0,10.0,19.0,22.0,19.450000000000003,35.67,1317.0
5304,2025-03-16 10:19:39.108397,2025.0,3.0,16.0,10.0,19.0,39.0,19.47,35.66,1317.0
5305,2025-03-16 10:19:55.537532,2025.0,3.0,16.0,10.0,19.0,55.0,19.47,35.66,1317.0
5306,2025-03-16 10:20:11.488920,2025.0,3.0,16.0,10.0,20.0,11.0,19.47,35.66,1317.0
5307,2025-03-16 10:20:27.467722,2025.0,3.0,16.0,10.0,20.0,27.0,19.47,35.66,1317.0
5308,2025-03-16 10:20:43.443609,2025.0,3.0,16.0,10.0,20.0,43.0,19.47,35.66,1317.0
5309,2025-03-16 10:20:59.419758,2025.0,3.0,16.0,10.0,20.0,59.0,19.47,35.66,1317.0
5310,2025-03-16 10:21:15.394920,2025.0,3.0,16.0,10.0,21.0,15.0,19.49,35.64,1316.0
5311,2025-03-16 10:21:31.808968,2025.0,3.0,16.0,10.0,21.0,31.0,19.47,35.66,1317.0
5312,2025-03-16 10:21:48.226494,2025.0,3.0,16.0,10.0,21.0,48.0,19.450000000000003,35.67,1317.0
5313,2025-03-16 10:22:04.653083,2025.0,3.0,16.0,10.0,22.0,4.0,19.47,35.66,1317.0
5314,2025-03-16 10:22:21.080701,2025.0,3.0,16.0,10.0,22.0,21.0,19.450000000000003,35.67,1317.0
5315,2025-03-16 10:22:37.508199,2025.0,3.0,16.0,10.0,22.0,37.0,19.47,35.66,1317.0
5316,2025-03-16 10:22:53.936622,2025.0,3.0,16.0,10.0,22.0,53.0,19.450000000000003,35.67,1317.0
5317,2025-03-16 10:23:10.364383,2025.0,3.0,16.0,10.0,23.0,10.0,19.49,35.64,1316.0
5318,2025-03-16 10:23:26.792030,2025.0,3.0,16.0,10.0,23.0,26.0,19.49,35.64,1316.0
5319,2025-03-16 10:23:42.770711,2025.0,3.0,16.0,10.0,23.0,42.0,19.47,35.66,1317.0
5320,2025-03-16 10:23:59.197039,2025.0,3.0,16.0,10.0,23.0,59.0,19.450000000000003,35.67,1317.0
5321,2025-03-16 10:24:15.611148,2025.0,3.0,16.0,10.0,24.0,15.0,19.47,35.66,1317.0
5322,2025-03-16 10:24:32.033222,2025.0,3.0,16.0,10.0,24.0,32.0,19.450000000000003,35.67,1317.0
5323,2025-03-16 10:24:48.461239,2025.0,3.0,16.0,10.0,24.0,48.0,19.47,35.66,1317.0
5324,2025-03-16 10:25:04.891231,2025.0,3.0,16.0,10.0,25.0,4.0,19.47,35.66,1317.0
5325,2025-03-16 10:25:20.867677,2025.0,3.0,16.0,10.0,25.0,20.0,19.47,35.66,1317.0
5326,2025-03-16 10:25:36.814714,2025.0,3.0,16.0,10.0,25.0,36.0,19.47,35.66,1317.0
5327,2025-03-16 10:25:52.791622,2025.0,3.0,16.0,10.0,25.0,52.0,19.47,35.66,1317.0
5328,2025-03-16 10:26:08.769616,2025.0,3.0,16.0,10.0,26.0,8.0,19.450000000000003,35.67,1317.0
5329,2025-03-16 10:26:25.176381,2025.0,3.0,16.0,10.0,26.0,25.0,19.47,35.66,1317.0
5330,2025-03-16 10:26:41.574179,2025.0,3.0,16.0,10.0,26.0,41.0,19.47,35.66,1317.0
5331,2025-03-16 10:26:57.544085,2025.0,3.0,16.0,10.0,26.0,57.0,19.47,35.66,1317.0
5332,2025-03-16 10:27:13.522959,2025.0,3.0,16.0,10.0,27.0,13.0,19.47,35.66,1317.0
5333,2025-03-16 10:27:29.499687,2025.0,3.0,16.0,10.0,27.0,29.0,19.47,35.66,1317.0
5334,2025-03-16 10:27:45.466369,2025.0,3.0,16.0,10.0,27.0,45.0,19.49,35.64,1316.0
5335,2025-03-16 10:28:01.893675,2025.0,3.0,16.0,10.0,28.0,1.0,19.49,35.64,1316.0
5336,2025-03-16 10:28:17.866338,2025.0,3.0,16.0,10.0,28.0,17.0,19.47,35.66,1317.0
5337,2025-03-16 10:28:34.293293,2025.0,3.0,16.0,10.0,28.0,34.0,19.47,35.66,1317.0
5338,2025-03-16 10:28:50.271165,2025.0,3.0,16.0,10.0,28.0,50.0,19.47,35.66,1317.0
5339,2025-03-16 10:29:06.248018,2025.0,3.0,16.0,10.0,29.0,6.0,19.450000000000003,35.67,1317.0
5340,2025-03-16 10:29:22.677051,2025.0,3.0,16.0,10.0,29.0,22.0,19.47,35.66,1317.0
5341,2025-03-16 10:29:39.078999,2025.0,3.0,16.0,10.0,29.0,39.0,19.4825,35.64,1316.0
5342,2025-03-16 10:29:55.498373,2025.0,3.0,16.0,10.0,29.0,55.0,22.05875,33.07,1214.0
5343,2025-03-16 10:30:11.925112,2025.0,3.0,16.0,10.0,30.0,11.0,19.55375,35.57,1313.0
5344,2025-03-16 10:30:28.354038,2025.0,3.0,16.0,10.0,30.0,28.0,19.07875,36.05,1332.0
5345,2025-03-16 10:30:44.783635,2025.0,3.0,16.0,10.0,30.0,44.0,19.7975,35.33,1304.0
5346,2025-03-16 10:31:01.208965,2025.0,3.0,16.0,10.0,31.0,1.0,19.1,36.02,1331.0
5347,2025-03-16 10:31:17.636748,2025.0,3.0,16.0,10.0,31.0,17.0,19.75875,35.37,1305.0
5348,2025-03-16 10:31:34.065394,2025.0,3.0,16.0,10.0,31.0,34.0,19.4075,35.72,1319.0
5349,2025-03-16 10:31:50.493252,2025.0,3.0,16.0,10.0,31.0,50.0,19.02375,36.1,1334.0
5350,2025-03-16 10:32:06.904945,2025.0,3.0,16.0,10.0,32.0,6.0,19.43625,35.69,1318.0
5351,2025-03-16 10:32:23.329589,2025.0,3.0,16.0,10.0,32.0,23.0,19.02375,36.1,1334.0
5352,2025-03-16 10:32:39.741223,2025.0,3.0,16.0,10.0,32.0,39.0,19.44125,35.68,1318.0
5353,2025-03-16 10:32:56.169686,2025.0,3.0,16.0,10.0,32.0,56.0,19.01875,36.11,1335.0
5354,2025-03-16 10:33:12.575684,2025.0,3.0,16.0,10.0,33.0,12.0,19.45125,35.67,1317.0
5355,2025-03-16 10:33:28.994523,2025.0,3.0,16.0,10.0,33.0,28.0,19.01875,36.11,1335.0
5356,2025-03-16 10:33:45.422129,2025.0,3.0,16.0,10.0,33.0,45.0,19.235,35.89,1326.0
5357,2025-03-16 10:34:01.849755,2025.0,3.0,16.0,10.0,34.0,1.0,19.215,35.91,1327.0
5358,2025-03-16 10:34:18.276878,2025.0,3.0,16.0,10.0,34.0,18.0,19.235,35.89,1326.0
5359,2025-03-16 10:34:34.706651,2025.0,3.0,16.0,10.0,34.0,34.0,19.21,35.92,1327.0
5360,2025-03-16 10:34:51.134158,2025.0,3.0,16.0,10.0,34.0,51.0,19.21,35.92,1327.0
5361,2025-03-16 10:35:07.115619,2025.0,3.0,16.0,10.0,35.0,7.0,19.21,35.92,1327.0
5362,2025-03-16 10:35:23.092825,2025.0,3.0,16.0,10.0,35.0,23.0,19.22,35.9,1327.0
5363,2025-03-16 10:35:39.502559,2025.0,3.0,16.0,10.0,35.0,39.0,19.225,35.9,1326.0
5364,2025-03-16 10:35:55.916668,2025.0,3.0,16.0,10.0,35.0,55.0,19.225,35.9,1326.0
5365,2025-03-16 10:36:11.896014,2025.0,3.0,16.0,10.0,36.0,11.0,19.22,35.9,1327.0
5366,2025-03-16 10:36:28.303714,2025.0,3.0,16.0,10.0,36.0,28.0,19.21,35.92,1327.0
5367,2025-03-16 10:36:44.732636,2025.0,3.0,16.0,10.0,36.0,44.0,19.21,35.92,1327.0
5368,2025-03-16 10:37:00.708593,2025.0,3.0,16.0,10.0,37.0,0.0,19.21,35.92,1327.0
5369,2025-03-16 10:37:16.691012,2025.0,3.0,16.0,10.0,37.0,16.0,19.21,35.92,1327.0
5370,2025-03-16 10:37:32.668923,2025.0,3.0,16.0,10.0,37.0,32.0,19.21,35.92,1327.0
5371,2025-03-16 10:37:48.616033,2025.0,3.0,16.0,10.0,37.0,48.0,19.21,35.92,1327.0
5372,2025-03-16 10:38:04.595513,2025.0,3.0,16.0,10.0,38.0,4.0,19.21,35.92,1327.0
5373,2025-03-16 10:38:20.577597,2025.0,3.0,16.0,10.0,38.0,20.0,19.21,35.92,1327.0
5374,2025-03-16 10:38:36.556901,2025.0,3.0,16.0,10.0,38.0,36.0,19.21,35.92,1327.0
5375,2025-03-16 10:38:52.535760,2025.0,3.0,16.0,10.0,38.0,52.0,19.21,35.92,1327.0
5376,2025-03-16 10:39:08.483490,2025.0,3.0,16.0,10.0,39.0,8.0,19.21,35.92,1327.0
5377,2025-03-16 10:39:24.460824,2025.0,3.0,16.0,10.0,39.0,24.0,19.21,35.92,1327.0
5378,2025-03-16 10:39:40.437843,2025.0,3.0,16.0,10.0,39.0,40.0,19.21,35.92,1327.0
5379,2025-03-16 10:39:56.416651,2025.0,3.0,16.0,10.0,39.0,56.0,19.21,35.92,1327.0
5380,2025-03-16 10:40:12.395253,2025.0,3.0,16.0,10.0,40.0,12.0,19.21,35.92,1327.0
5381,2025-03-16 10:40:28.354257,2025.0,3.0,16.0,10.0,40.0,28.0,19.175,35.95,1328.0
5382,2025-03-16 10:40:44.782117,2025.0,3.0,16.0,10.0,40.0,44.0,19.19125,35.93,1328.0
5383,2025-03-16 10:41:01.203272,2025.0,3.0,16.0,10.0,41.0,1.0,19.043750000000003,36.08,1334.0
5384,2025-03-16 10:41:17.629925,2025.0,3.0,16.0,10.0,41.0,17.0,18.96875,36.16,1337.0
5385,2025-03-16 10:41:34.059567,2025.0,3.0,16.0,10.0,41.0,34.0,19.07875,36.05,1332.0
5386,2025-03-16 10:41:50.486227,2025.0,3.0,16.0,10.0,41.0,50.0,19.0425,36.08,1334.0
5387,2025-03-16 10:42:06.917027,2025.0,3.0,16.0,10.0,42.0,6.0,19.07,36.06,1333.0
5388,2025-03-16 10:42:23.345040,2025.0,3.0,16.0,10.0,42.0,23.0,20.08875,35.04,1292.0
5389,2025-03-16 10:42:39.774493,2025.0,3.0,16.0,10.0,42.0,39.0,20.08875,35.04,1292.0
5390,2025-03-16 10:42:55.751804,2025.0,3.0,16.0,10.0,42.0,55.0,20.020000000000003,35.1,1295.0
5391,2025-03-16 10:43:12.157220,2025.0,3.0,16.0,10.0,43.0,12.0,19.6025,35.52,1311.0
5392,2025-03-16 10:43:28.587386,2025.0,3.0,16.0,10.0,43.0,28.0,18.84625,36.28,1340.0
5393,2025-03-16 10:43:45.014555,2025.0,3.0,16.0,10.0,43.0,45.0,18.94,36.18,1338.0
5394,2025-03-16 10:44:01.436859,2025.0,3.0,16.0,10.0,44.0,1.0,18.94,36.18,1338.0
5395,2025-03-16 10:44:17.415735,2025.0,3.0,16.0,10.0,44.0,17.0,18.94,36.18,1338.0
5396,2025-03-16 10:44:33.396336,2025.0,3.0,16.0,10.0,44.0,33.0,18.94,36.18,1338.0
5397,2025-03-16 10:44:49.372889,2025.0,3.0,16.0,10.0,44.0,49.0,18.94,36.18,1338.0
5398,2025-03-16 10:45:05.325123,2025.0,3.0,16.0,10.0,45.0,5.0,18.94,36.18,1338.0
5399,2025-03-16 10:45:21.301435,2025.0,3.0,16.0,10.0,45.0,21.0,18.94,36.18,1338.0
5400,2025-03-16 10:45:37.274752,2025.0,3.0,16.0,10.0,45.0,37.0,18.94,36.18,1338.0
5401,2025-03-16 10:45:53.253111,2025.0,3.0,16.0,10.0,45.0,53.0,18.94,36.18,1338.0
5402,2025-03-16 10:46:09.231728,2025.0,3.0,16.0,10.0,46.0,9.0,18.94,36.18,1338.0
5403,2025-03-16 10:46:25.211932,2025.0,3.0,16.0,10.0,46.0,25.0,18.94,36.18,1338.0
5404,2025-03-16 10:46:41.160985,2025.0,3.0,16.0,10.0,46.0,41.0,18.94,36.18,1338.0
5405,2025-03-16 10:46:57.140438,2025.0,3.0,16.0,10.0,46.0,57.0,18.94,36.18,1338.0
5406,2025-03-16 10:47:13.119878,2025.0,3.0,16.0,10.0,47.0,13.0,18.94,36.18,1338.0
5407,2025-03-16 10:47:29.100900,2025.0,3.0,16.0,10.0,47.0,29.0,18.94,36.18,1338.0
5408,2025-03-16 10:47:45.080350,2025.0,3.0,16.0,10.0,47.0,45.0,18.94,36.18,1338.0
5409,2025-03-16 10:48:01.029001,2025.0,3.0,16.0,10.0,48.0,1.0,18.94,36.18,1338.0
5410,2025-03-16 10:48:17.007690,2025.0,3.0,16.0,10.0,48.0,17.0,18.94,36.18,1338.0
5411,2025-03-16 10:48:32.985678,2025.0,3.0,16.0,10.0,48.0,32.0,18.94,36.18,1338.0
5412,2025-03-16 10:48:48.935442,2025.0,3.0,16.0,10.0,48.0,48.0,18.94,36.18,1338.0
5413,2025-03-16 10:49:04.913437,2025.0,3.0,16.0,10.0,49.0,4.0,18.94,36.18,1338.0
5414,2025-03-16 10:49:20.894871,2025.0,3.0,16.0,10.0,49.0,20.0,18.94,36.18,1338.0
5415,2025-03-16 10:49:36.873524,2025.0,3.0,16.0,10.0,49.0,36.0,18.94,36.18,1338.0
5416,2025-03-16 10:49:52.852636,2025.0,3.0,16.0,10.0,49.0,52.0,18.94,36.18,1338.0
5417,2025-03-16 10:50:08.831699,2025.0,3.0,16.0,10.0,50.0,8.0,18.94,36.18,1338.0
5418,2025-03-16 10:50:24.806546,2025.0,3.0,16.0,10.0,50.0,24.0,18.94,36.18,1338.0
5419,2025-03-16 10:50:40.770322,2025.0,3.0,16.0,10.0,50.0,40.0,18.94,36.18,1338.0
5420,2025-03-16 10:50:56.748995,2025.0,3.0,16.0,10.0,50.0,56.0,18.94,36.18,1338.0
5421,2025-03-16 10:51:12.728275,2025.0,3.0,16.0,10.0,51.0,12.0,18.94,36.18,1338.0
5422,2025-03-16 10:51:28.706146,2025.0,3.0,16.0,10.0,51.0,28.0,18.94,36.18,1338.0
5423,2025-03-16 10:51:44.684610,2025.0,3.0,16.0,10.0,51.0,44.0,18.94,36.18,1338.0
5424,2025-03-16 10:52:00.640905,2025.0,3.0,16.0,10.0,52.0,0.0,18.94,36.18,1338.0
5425,2025-03-16 10:52:16.620561,2025.0,3.0,16.0,10.0,52.0,16.0,18.94,36.18,1338.0
5426,2025-03-16 10:52:32.599981,2025.0,3.0,16.0,10.0,52.0,32.0,18.94,36.18,1338.0
5427,2025-03-16 10:52:48.580614,2025.0,3.0,16.0,10.0,52.0,48.0,18.94,36.18,1338.0
5428,2025-03-16 10:53:04.559860,2025.0,3.0,16.0,10.0,53.0,4.0,18.94,36.18,1338.0
5429,2025-03-16 10:53:20.514103,2025.0,3.0,16.0,10.0,53.0,20.0,18.94,36.18,1338.0
5430,2025-03-16 10:53:36.492679,2025.0,3.0,16.0,10.0,53.0,36.0,19.43,35.7,1318.0
5431,2025-03-16 10:53:52.906741,2025.0,3.0,16.0,10.0,53.0,52.0,18.54625,36.58,1340.0
5432,2025-03-16 10:54:09.336601,2025.0,3.0,16.0,10.0,54.0,9.0,18.775,36.35,1340.0
5433,2025-03-16 10:54:25.765945,2025.0,3.0,16.0,10.0,54.0,25.0,19.03875,36.09,1334.0
5434,2025-03-16 10:54:42.192502,2025.0,3.0,16.0,10.0,54.0,42.0,19.165,35.96,1329.0
5435,2025-03-16 10:54:58.622635,2025.0,3.0,16.0,10.0,54.0,58.0,18.605,36.52,1340.0
5436,2025-03-16 10:55:15.050584,2025.0,3.0,16.0,10.0,55.0,15.0,18.58,36.54,1340.0
5437,2025-03-16 10:55:31.477399,2025.0,3.0,16.0,10.0,55.0,31.0,19.60125,35.52,1311.0
5438,2025-03-16 10:55:47.903906,2025.0,3.0,16.0,10.0,55.0,47.0,18.62375,36.5,1340.0
5439,2025-03-16 10:56:04.319526,2025.0,3.0,16.0,10.0,56.0,4.0,18.58,36.54,1340.0
5440,2025-03-16 10:56:20.748439,2025.0,3.0,16.0,10.0,56.0,20.0,18.58,36.54,1340.0
5441,2025-03-16 10:56:36.730872,2025.0,3.0,16.0,10.0,56.0,36.0,18.58,36.54,1340.0
5442,2025-03-16 10:56:52.703579,2025.0,3.0,16.0,10.0,56.0,52.0,18.58,36.54,1340.0
5443,2025-03-16 10:57:08.683943,2025.0,3.0,16.0,10.0,57.0,8.0,18.58,36.54,1340.0
5444,2025-03-16 10:57:24.663764,2025.0,3.0,16.0,10.0,57.0,24.0,18.58,36.54,1340.0
5445,2025-03-16 10:57:40.612025,2025.0,3.0,16.0,10.0,57.0,40.0,18.58,36.54,1340.0
5446,2025-03-16 10:57:56.592451,2025.0,3.0,16.0,10.0,57.0,56.0,18.58,36.54,1340.0
5447,2025-03-16 10:58:12.572068,2025.0,3.0,16.0,10.0,58.0,12.0,18.58,36.54,1340.0
5448,2025-03-16 10:58:28.551674,2025.0,3.0,16.0,10.0,58.0,28.0,18.56125,36.56,1340.0
5449,2025-03-16 10:58:44.984507,2025.0,3.0,16.0,10.0,58.0,44.0,18.58,36.54,1340.0
5450,2025-03-16 10:59:01.411637,2025.0,3.0,16.0,10.0,59.0,1.0,18.58,36.54,1340.0
5451,2025-03-16 10:59:17.373868,2025.0,3.0,16.0,10.0,59.0,17.0,18.7325,36.39,1340.0
5452,2025-03-16 10:59:33.795042,2025.0,3.0,16.0,10.0,59.0,33.0,18.58,36.54,1340.0
5453,2025-03-16 10:59:50.222488,2025.0,3.0,16.0,10.0,59.0,50.0,18.58,36.54,1340.0
5454,2025-03-16 11:00:06.198607,2025.0,3.0,16.0,11.0,0.0,6.0,18.58,36.54,1340.0
5455,2025-03-16 11:00:22.177395,2025.0,3.0,16.0,11.0,0.0,22.0,18.58,36.54,1340.0
5456,2025-03-16 11:00:38.156605,2025.0,3.0,16.0,11.0,0.0,38.0,18.58,36.54,1340.0
5457,2025-03-16 11:00:54.139117,2025.0,3.0,16.0,11.0,0.0,54.0,18.58,36.54,1340.0
5458,2025-03-16 11:01:10.117362,2025.0,3.0,16.0,11.0,1.0,10.0,18.58,36.54,1340.0
5459,2025-03-16 11:01:26.096457,2025.0,3.0,16.0,11.0,1.0,26.0,18.58,36.54,1340.0
5460,2025-03-16 11:01:42.076429,2025.0,3.0,16.0,11.0,1.0,42.0,18.56125,36.56,1340.0
5461,2025-03-16 11:01:58.505978,2025.0,3.0,16.0,11.0,1.0,58.0,18.58,36.54,1340.0
5462,2025-03-16 11:02:14.935355,2025.0,3.0,16.0,11.0,2.0,14.0,18.58,36.54,1340.0
5463,2025-03-16 11:02:30.911460,2025.0,3.0,16.0,11.0,2.0,30.0,19.01375,36.11,1335.0
5464,2025-03-16 11:02:47.334538,2025.0,3.0,16.0,11.0,2.0,47.0,18.58,36.54,1340.0
5465,2025-03-16 11:03:03.759245,2025.0,3.0,16.0,11.0,3.0,3.0,18.58,36.54,1340.0
5466,2025-03-16 11:03:19.742938,2025.0,3.0,16.0,11.0,3.0,19.0,18.7325,36.39,1340.0
5467,2025-03-16 11:03:36.171206,2025.0,3.0,16.0,11.0,3.0,36.0,18.58,36.54,1340.0
5468,2025-03-16 11:03:52.599104,2025.0,3.0,16.0,11.0,3.0,52.0,18.58,36.54,1340.0
5469,2025-03-16 11:04:08.579684,2025.0,3.0,16.0,11.0,4.0,8.0,18.58,36.54,1340.0
5470,2025-03-16 11:04:24.554857,2025.0,3.0,16.0,11.0,4.0,24.0,18.56125,36.56,1340.0
5471,2025-03-16 11:04:40.978492,2025.0,3.0,16.0,11.0,4.0,40.0,18.58,36.54,1340.0
5472,2025-03-16 11:04:57.403843,2025.0,3.0,16.0,11.0,4.0,57.0,18.7775,36.35,1340.0
5473,2025-03-16 11:05:13.811046,2025.0,3.0,16.0,11.0,5.0,13.0,18.50625,36.62,1340.0
5474,2025-03-16 11:05:30.239074,2025.0,3.0,16.0,11.0,5.0,30.0,18.83875,36.29,1340.0
5475,2025-03-16 11:05:46.667257,2025.0,3.0,16.0,11.0,5.0,46.0,37.35124999999999,17.77,605.0
5476,2025-03-16 11:06:03.052898,2025.0,3.0,16.0,11.0,6.0,3.0,18.36875,36.76,1340.0
5477,2025-03-16 11:06:19.482965,2025.0,3.0,16.0,11.0,6.0,19.0,18.41875,36.71,1340.0
5478,2025-03-16 11:06:35.911251,2025.0,3.0,16.0,11.0,6.0,35.0,18.848750000000003,36.28,1340.0
5479,2025-03-16 11:06:52.339638,2025.0,3.0,16.0,11.0,6.0,52.0,18.37375,36.75,1340.0
5480,2025-03-16 11:07:08.767549,2025.0,3.0,16.0,11.0,7.0,8.0,18.37375,36.75,1340.0
5481,2025-03-16 11:07:24.739400,2025.0,3.0,16.0,11.0,7.0,24.0,18.4725,36.65,1340.0
5482,2025-03-16 11:07:41.163128,2025.0,3.0,16.0,11.0,7.0,41.0,18.345,36.78,1340.0
5483,2025-03-16 11:07:57.590979,2025.0,3.0,16.0,11.0,7.0,57.0,18.4725,36.65,1340.0
5484,2025-03-16 11:08:14.019760,2025.0,3.0,16.0,11.0,8.0,14.0,18.345,36.78,1340.0
5485,2025-03-16 11:08:30.450910,2025.0,3.0,16.0,11.0,8.0,30.0,18.345,36.78,1340.0
5486,2025-03-16 11:08:46.430100,2025.0,3.0,16.0,11.0,8.0,46.0,18.4475,36.68,1340.0
5487,2025-03-16 11:09:02.838621,2025.0,3.0,16.0,11.0,9.0,2.0,18.59,36.53,1340.0
5488,2025-03-16 11:09:19.258587,2025.0,3.0,16.0,11.0,9.0,19.0,18.345,36.78,1340.0
5489,2025-03-16 11:09:35.687432,2025.0,3.0,16.0,11.0,9.0,35.0,18.4925,36.63,1340.0
5490,2025-03-16 11:09:52.115230,2025.0,3.0,16.0,11.0,9.0,52.0,18.7675,36.36,1340.0
5491,2025-03-16 11:10:08.543332,2025.0,3.0,16.0,11.0,10.0,8.0,18.7375,36.39,1340.0
5492,2025-03-16 11:10:24.958507,2025.0,3.0,16.0,11.0,10.0,24.0,18.345,36.78,1340.0
5493,2025-03-16 11:10:41.378969,2025.0,3.0,16.0,11.0,10.0,41.0,18.94,36.18,1338.0
5494,2025-03-16 11:10:57.812740,2025.0,3.0,16.0,11.0,10.0,57.0,18.68875,36.44,1340.0
5495,2025-03-16 11:11:14.242629,2025.0,3.0,16.0,11.0,11.0,14.0,18.615,36.51,1340.0
5496,2025-03-16 11:11:30.670554,2025.0,3.0,16.0,11.0,11.0,30.0,19.0425,36.08,1334.0
5497,2025-03-16 11:11:47.099413,2025.0,3.0,16.0,11.0,11.0,47.0,18.94875,36.18,1337.0
5498,2025-03-16 11:12:03.527912,2025.0,3.0,16.0,11.0,12.0,3.0,18.645000000000003,36.48,1340.0
5499,2025-03-16 11:12:19.958610,2025.0,3.0,16.0,11.0,12.0,19.0,19.00375,36.12,1335.0
5500,2025-03-16 11:12:36.387741,2025.0,3.0,16.0,11.0,12.0,36.0,19.0875,36.04,1332.0
5501,2025-03-16 11:12:52.818529,2025.0,3.0,16.0,11.0,12.0,52.0,18.87125,36.25,1340.0
5502,2025-03-16 11:13:09.245578,2025.0,3.0,16.0,11.0,13.0,9.0,19.27875,35.85,1324.0
5503,2025-03-16 11:13:25.675075,2025.0,3.0,16.0,11.0,13.0,25.0,18.89,36.24,1340.0
5504,2025-03-16 11:13:42.082528,2025.0,3.0,16.0,11.0,13.0,42.0,19.0875,36.04,1332.0
5505,2025-03-16 11:13:58.503743,2025.0,3.0,16.0,11.0,13.0,58.0,19.105,36.02,1331.0
5506,2025-03-16 11:14:14.935043,2025.0,3.0,16.0,11.0,14.0,14.0,19.3225,35.8,1323.0
5507,2025-03-16 11:14:31.321269,2025.0,3.0,16.0,11.0,14.0,31.0,18.915,36.21,1339.0
