Unnamed: 0,datetime,timestamp,yr,mo,day,hr,m,s,surf_dist,depth,gal,gal_filter
318,2025-03-30 21:02:11.072244,2025-03-30 21:02:11.072244,2025.0,3.0,30.0,21.0,2.0,11.0,13.425,41.7,1350.32,1307.94
319,2025-03-30 21:02:26.066835,2025-03-30 21:02:26.066835,2025.0,3.0,30.0,21.0,2.0,26.0,12.9475,42.18,1350.32,1307.94
320,2025-03-30 21:02:41.066778,2025-03-30 21:02:41.066778,2025.0,3.0,30.0,21.0,2.0,41.0,13.53625,41.59,1350.32,1307.94
321,2025-03-30 21:02:56.067176,2025-03-30 21:02:56.067176,2025.0,3.0,30.0,21.0,2.0,56.0,13.725,41.4,1350.32,1307.94
322,2025-03-30 21:03:11.066261,2025-03-30 21:03:11.066261,2025.0,3.0,30.0,21.0,3.0,11.0,13.85,41.28,1350.32,1307.94
323,2025-03-30 21:03:26.066451,2025-03-30 21:03:26.066451,2025.0,3.0,30.0,21.0,3.0,26.0,10.24625,44.88,1350.32,1307.94
324,2025-03-30 21:03:41.066214,2025-03-30 21:03:41.066214,2025.0,3.0,30.0,21.0,3.0,41.0,98.06125,-42.94,0.0,1307.94
325,2025-03-30 21:03:56.066256,2025-03-30 21:03:56.066256,2025.0,3.0,30.0,21.0,3.0,56.0,120.1125,-64.99,0.0,1307.94
326,2025-03-30 21:04:11.066164,2025-03-30 21:04:11.066164,2025.0,3.0,30.0,21.0,4.0,11.0,98.2675,-43.14,0.0,1307.94
327,2025-03-30 21:04:26.067435,2025-03-30 21:04:26.067435,2025.0,3.0,30.0,21.0,4.0,26.0,70.33500000000001,-15.21,0.0,1307.94
328,2025-03-30 21:04:41.066006,2025-03-30 21:04:41.066006,2025.0,3.0,30.0,21.0,4.0,41.0,73.6225,-18.5,0.0,1307.94
329,2025-03-30 21:04:56.066268,2025-03-30 21:04:56.066268,2025.0,3.0,30.0,21.0,4.0,56.0,48.9125,6.21,158.22,1307.94
330,2025-03-30 21:05:11.066114,2025-03-30 21:05:11.066114,2025.0,3.0,30.0,21.0,5.0,11.0,24.5325,30.59,1115.24,1307.94
331,2025-03-30 21:05:26.066305,2025-03-30 21:05:26.066305,2025.0,3.0,30.0,21.0,5.0,26.0,49.09,6.03,152.08,1307.94
332,2025-03-30 21:05:41.066354,2025-03-30 21:05:41.066354,2025.0,3.0,30.0,21.0,5.0,41.0,49.09,6.03,152.08,1307.94
333,2025-03-30 21:05:56.066494,2025-03-30 21:05:56.066494,2025.0,3.0,30.0,21.0,5.0,56.0,67.2825,-12.16,0.0,1307.94
334,2025-03-30 21:06:11.066667,2025-03-30 21:06:11.066667,2025.0,3.0,30.0,21.0,6.0,11.0,24.32625,30.8,1123.45,1307.94
335,2025-03-30 21:06:26.066409,2025-03-30 21:06:26.066409,2025.0,3.0,30.0,21.0,6.0,26.0,45.99875,9.13,263.83,1307.94
336,2025-03-30 21:06:41.066618,2025-03-30 21:06:41.066618,2025.0,3.0,30.0,21.0,6.0,41.0,98.22,-43.1,0.0,1307.94
337,2025-03-30 21:06:56.066435,2025-03-30 21:06:56.066435,2025.0,3.0,30.0,21.0,6.0,56.0,73.67125,-18.55,0.0,1307.94
338,2025-03-30 21:07:11.067370,2025-03-30 21:07:11.067370,2025.0,3.0,30.0,21.0,7.0,11.0,91.4175,-36.29,0.0,1307.94
339,2025-03-30 21:07:26.067111,2025-03-30 21:07:26.067111,2025.0,3.0,30.0,21.0,7.0,26.0,94.8825,-39.76,0.0,1307.94
340,2025-03-30 21:07:41.072051,2025-03-30 21:07:41.072051,2025.0,3.0,30.0,21.0,7.0,41.0,106.96375,-51.84,0.0,1307.94
341,2025-03-30 21:07:56.963247,2025-03-30 21:07:56.963247,2025.0,3.0,30.0,21.0,7.0,56.0,48.99625,6.13,155.32,1307.94
342,2025-03-30 21:08:11.094526,2025-03-30 21:08:11.094526,2025.0,3.0,30.0,21.0,8.0,11.0,91.555,-36.43,0.0,1307.94
343,2025-03-30 21:08:26.083322,2025-03-30 21:08:26.083322,2025.0,3.0,30.0,21.0,8.0,26.0,91.53875,-36.41,0.0,1307.94
344,2025-03-30 21:08:41.069339,2025-03-30 21:08:41.069339,2025.0,3.0,30.0,21.0,8.0,41.0,95.12,-40.0,0.0,1307.94
345,2025-03-30 21:08:56.075324,2025-03-30 21:08:56.075324,2025.0,3.0,30.0,21.0,8.0,56.0,48.87375,6.25,159.56,1307.94
346,2025-03-30 21:09:11.070663,2025-03-30 21:09:11.070663,2025.0,3.0,30.0,21.0,9.0,11.0,49.33,5.8,143.86,1307.94
347,2025-03-30 21:09:26.069856,2025-03-30 21:09:26.069856,2025.0,3.0,30.0,21.0,9.0,26.0,94.705,-39.58,0.0,1307.94
348,2025-03-30 21:09:41.066089,2025-03-30 21:09:41.066089,2025.0,3.0,30.0,21.0,9.0,41.0,116.3275,-61.2,0.0,1307.94
349,2025-03-30 21:09:56.067247,2025-03-30 21:09:56.067247,2025.0,3.0,30.0,21.0,9.0,56.0,48.87375,6.25,159.56,1307.94
350,2025-03-30 21:10:11.077372,2025-03-30 21:10:11.077372,2025.0,3.0,30.0,21.0,10.0,11.0,189.7975,-134.67,0.0,1307.94
351,2025-03-30 21:10:26.066145,2025-03-30 21:10:26.066145,2025.0,3.0,30.0,21.0,10.0,26.0,72.47125,-17.35,0.0,1307.94
352,2025-03-30 21:10:41.066445,2025-03-30 21:10:41.066445,2025.0,3.0,30.0,21.0,10.0,41.0,140.48875,-85.36,0.0,1307.94
353,2025-03-30 21:10:56.066816,2025-03-30 21:10:56.066816,2025.0,3.0,30.0,21.0,10.0,56.0,95.07875,-39.95,0.0,1307.94
354,2025-03-30 21:11:11.073782,2025-03-30 21:11:11.073782,2025.0,3.0,30.0,21.0,11.0,11.0,49.09,6.03,152.08,1307.94
355,2025-03-30 21:11:26.066557,2025-03-30 21:11:26.066557,2025.0,3.0,30.0,21.0,11.0,26.0,161.97875,-106.85,0.0,1307.94
356,2025-03-30 21:11:41.068487,2025-03-30 21:11:41.068487,2025.0,3.0,30.0,21.0,11.0,41.0,95.045,-39.92,0.0,1307.94
357,2025-03-30 21:11:56.069638,2025-03-30 21:11:56.069638,2025.0,3.0,30.0,21.0,11.0,56.0,94.66125,-39.54,0.0,1307.94
358,2025-03-30 21:12:11.066688,2025-03-30 21:12:11.066688,2025.0,3.0,30.0,21.0,12.0,11.0,94.84250000000002,-39.72,0.0,1307.94
359,2025-03-30 21:12:26.069369,2025-03-30 21:12:26.069369,2025.0,3.0,30.0,21.0,12.0,26.0,73.86875,-18.74,0.0,1307.94
360,2025-03-30 21:12:41.066213,2025-03-30 21:12:41.066213,2025.0,3.0,30.0,21.0,12.0,41.0,98.03125,-42.91,0.0,1307.94
361,2025-03-30 21:12:56.066280,2025-03-30 21:12:56.066280,2025.0,3.0,30.0,21.0,12.0,56.0,73.8725,-18.75,0.0,1307.94
362,2025-03-30 21:13:11.066182,2025-03-30 21:13:11.066182,2025.0,3.0,30.0,21.0,13.0,11.0,147.18,-92.06,0.0,1307.94
363,2025-03-30 21:13:26.066297,2025-03-30 21:13:26.066297,2025.0,3.0,30.0,21.0,13.0,26.0,98.15375,-43.03,0.0,1307.94
364,2025-03-30 21:13:41.066261,2025-03-30 21:13:41.066261,2025.0,3.0,30.0,21.0,13.0,41.0,119.34125,-64.22,0.0,1307.94
365,2025-03-30 21:13:56.069887,2025-03-30 21:13:56.069887,2025.0,3.0,30.0,21.0,13.0,56.0,46.0225,9.1,262.93,1307.94
366,2025-03-30 21:14:11.066305,2025-03-30 21:14:11.066305,2025.0,3.0,30.0,21.0,14.0,11.0,144.02499999999998,-88.9,0.0,1307.94
367,2025-03-30 21:14:26.069819,2025-03-30 21:14:26.069819,2025.0,3.0,30.0,21.0,14.0,26.0,49.1675,5.96,149.42,1307.94
368,2025-03-30 21:14:41.066398,2025-03-30 21:14:41.066398,2025.0,3.0,30.0,21.0,14.0,41.0,115.90125,-60.78,0.0,1307.94
369,2025-03-30 21:14:56.066534,2025-03-30 21:14:56.066534,2025.0,3.0,30.0,21.0,14.0,56.0,116.3425,-61.22,0.0,1307.94
370,2025-03-30 21:15:11.066355,2025-03-30 21:15:11.066355,2025.0,3.0,30.0,21.0,15.0,11.0,147.2975,-92.17,0.0,1307.94
371,2025-03-30 21:15:26.066720,2025-03-30 21:15:26.066720,2025.0,3.0,30.0,21.0,15.0,26.0,119.3025,-64.18,0.0,1307.94
372,2025-03-30 21:15:41.066764,2025-03-30 21:15:41.066764,2025.0,3.0,30.0,21.0,15.0,41.0,91.87125,-36.75,0.0,1307.94
373,2025-03-30 21:15:56.067857,2025-03-30 21:15:56.067857,2025.0,3.0,30.0,21.0,15.0,56.0,21.04875,34.08,1253.87,1307.94
374,2025-03-30 21:16:11.066575,2025-03-30 21:16:11.066575,2025.0,3.0,30.0,21.0,16.0,11.0,67.07249999999999,-11.95,0.0,1307.94
375,2025-03-30 21:16:26.066789,2025-03-30 21:16:26.066789,2025.0,3.0,30.0,21.0,16.0,26.0,98.19375,-43.07,0.0,1307.94
376,2025-03-30 21:16:41.066369,2025-03-30 21:16:41.066369,2025.0,3.0,30.0,21.0,16.0,41.0,98.34125,-43.22,0.0,1307.94
377,2025-03-30 21:16:56.066532,2025-03-30 21:16:56.066532,2025.0,3.0,30.0,21.0,16.0,56.0,196.35625,-141.23,0.0,1307.94
378,2025-03-30 21:17:11.066574,2025-03-30 21:17:11.066574,2025.0,3.0,30.0,21.0,17.0,11.0,67.08625,-11.96,0.0,1307.94
379,2025-03-30 21:17:26.070178,2025-03-30 21:17:26.070178,2025.0,3.0,30.0,21.0,17.0,26.0,0.0,55.12,1350.32,1307.94
380,2025-03-30 21:17:41.066529,2025-03-30 21:17:41.066529,2025.0,3.0,30.0,21.0,17.0,41.0,21.0625,34.06,1253.32,1307.94
381,2025-03-30 21:17:56.066440,2025-03-30 21:17:56.066440,2025.0,3.0,30.0,21.0,17.0,56.0,116.0275,-60.9,0.0,1307.94
382,2025-03-30 21:18:11.066524,2025-03-30 21:18:11.066524,2025.0,3.0,30.0,21.0,18.0,11.0,116.37375,-61.25,0.0,1307.94
383,2025-03-30 21:18:26.066814,2025-03-30 21:18:26.066814,2025.0,3.0,30.0,21.0,18.0,26.0,66.93875,-11.81,0.0,1307.94
384,2025-03-30 21:18:41.067089,2025-03-30 21:18:41.067089,2025.0,3.0,30.0,21.0,18.0,41.0,45.77375,9.35,272.36,1307.94
385,2025-03-30 21:18:56.066882,2025-03-30 21:18:56.066882,2025.0,3.0,30.0,21.0,18.0,56.0,130.64,-75.51,0.0,1307.94
386,2025-03-30 21:19:11.066798,2025-03-30 21:19:11.066798,2025.0,3.0,30.0,21.0,19.0,11.0,98.3275,-43.2,0.0,1307.94
387,2025-03-30 21:19:26.066495,2025-03-30 21:19:26.066495,2025.0,3.0,30.0,21.0,19.0,26.0,91.6825,-36.56,0.0,1307.94
388,2025-03-30 21:19:41.066524,2025-03-30 21:19:41.066524,2025.0,3.0,30.0,21.0,19.0,41.0,94.69625,-39.57,0.0,1307.94
389,2025-03-30 21:19:56.066614,2025-03-30 21:19:56.066614,2025.0,3.0,30.0,21.0,19.0,56.0,70.52625,-15.4,0.0,1307.94
390,2025-03-30 21:20:11.066485,2025-03-30 21:20:11.066485,2025.0,3.0,30.0,21.0,20.0,11.0,116.24,-61.12,0.0,1307.94
391,2025-03-30 21:20:26.066808,2025-03-30 21:20:26.066808,2025.0,3.0,30.0,21.0,20.0,26.0,105.985,-50.86,0.0,1307.94
392,2025-03-30 21:20:41.066740,2025-03-30 21:20:41.066740,2025.0,3.0,30.0,21.0,20.0,41.0,24.74375,30.38,1106.84,1307.94
393,2025-03-30 21:20:56.066559,2025-03-30 21:20:56.066559,2025.0,3.0,30.0,21.0,20.0,56.0,66.95875000000001,-11.83,0.0,1307.94
394,2025-03-30 21:21:11.066689,2025-03-30 21:21:11.066689,2025.0,3.0,30.0,21.0,21.0,11.0,123.8675,-68.74,0.0,1307.94
395,2025-03-30 21:21:26.066842,2025-03-30 21:21:26.066842,2025.0,3.0,30.0,21.0,21.0,26.0,106.0325,-50.91,0.0,1307.94
396,2025-03-30 21:21:41.067340,2025-03-30 21:21:41.067340,2025.0,3.0,30.0,21.0,21.0,41.0,49.276250000000005,5.85,145.69,1307.94
397,2025-03-30 21:21:56.067007,2025-03-30 21:21:56.067007,2025.0,3.0,30.0,21.0,21.0,56.0,60.06249999999999,-4.94,0.0,1307.94
398,2025-03-30 21:22:11.066868,2025-03-30 21:22:11.066868,2025.0,3.0,30.0,21.0,22.0,11.0,0.0,55.12,1350.32,1307.94
399,2025-03-30 21:22:26.066853,2025-03-30 21:22:26.066853,2025.0,3.0,30.0,21.0,22.0,26.0,113.10125,-57.98,0.0,1307.94
400,2025-03-30 21:22:41.066917,2025-03-30 21:22:41.066917,2025.0,3.0,30.0,21.0,22.0,41.0,60.05875,-4.93,0.0,1307.94
401,2025-03-30 21:22:56.066869,2025-03-30 21:22:56.066869,2025.0,3.0,30.0,21.0,22.0,56.0,57.10625,-1.98,0.0,1307.94
402,2025-03-30 21:23:11.066863,2025-03-30 21:23:11.066863,2025.0,3.0,30.0,21.0,23.0,11.0,84.5675,-29.44,0.0,1307.94
403,2025-03-30 21:23:26.066582,2025-03-30 21:23:26.066582,2025.0,3.0,30.0,21.0,23.0,26.0,67.235,-12.11,0.0,1307.94
404,2025-03-30 21:23:41.066850,2025-03-30 21:23:41.066850,2025.0,3.0,30.0,21.0,23.0,41.0,134.10625,-78.98,0.0,1307.94
405,2025-03-30 21:23:56.066982,2025-03-30 21:23:56.066982,2025.0,3.0,30.0,21.0,23.0,56.0,11.95625,43.17,1350.32,1307.94
406,2025-03-30 21:24:11.067075,2025-03-30 21:24:11.067075,2025.0,3.0,30.0,21.0,24.0,11.0,12.11875,43.01,1350.32,1307.94
407,2025-03-30 21:24:26.066998,2025-03-30 21:24:26.066998,2025.0,3.0,30.0,21.0,24.0,26.0,12.12375,43.0,1350.32,1307.94
408,2025-03-30 21:24:41.067318,2025-03-30 21:24:41.067318,2025.0,3.0,30.0,21.0,24.0,41.0,12.1,43.02,1350.32,1307.94
409,2025-03-30 21:24:56.066798,2025-03-30 21:24:56.066798,2025.0,3.0,30.0,21.0,24.0,56.0,12.32125,42.8,1350.32,1307.94
410,2025-03-30 21:25:11.066894,2025-03-30 21:25:11.066894,2025.0,3.0,30.0,21.0,25.0,11.0,11.9075,43.22,1350.32,1307.94
411,2025-03-30 21:25:26.066763,2025-03-30 21:25:26.066763,2025.0,3.0,30.0,21.0,25.0,26.0,12.11375,43.01,1350.32,1307.94
412,2025-03-30 21:25:41.066926,2025-03-30 21:25:41.066926,2025.0,3.0,30.0,21.0,25.0,41.0,12.1,43.02,1350.32,1307.94
413,2025-03-30 21:25:56.066955,2025-03-30 21:25:56.066955,2025.0,3.0,30.0,21.0,25.0,56.0,12.12875,43.0,1350.32,1307.94
414,2025-03-30 21:26:11.067231,2025-03-30 21:26:11.067231,2025.0,3.0,30.0,21.0,26.0,11.0,12.36875,42.76,1350.32,1307.94
415,2025-03-30 21:26:26.066932,2025-03-30 21:26:26.066932,2025.0,3.0,30.0,21.0,26.0,26.0,11.8925,43.23,1350.32,1307.94
416,2025-03-30 21:26:41.067456,2025-03-30 21:26:41.067456,2025.0,3.0,30.0,21.0,26.0,41.0,12.11875,43.01,1350.32,1307.94
417,2025-03-30 21:26:56.066886,2025-03-30 21:26:56.066886,2025.0,3.0,30.0,21.0,26.0,56.0,12.12375,43.0,1350.32,1307.94
418,2025-03-30 21:27:11.067054,2025-03-30 21:27:11.067054,2025.0,3.0,30.0,21.0,27.0,11.0,12.1,43.02,1350.32,1307.94
419,2025-03-30 21:27:26.066918,2025-03-30 21:27:26.066918,2025.0,3.0,30.0,21.0,27.0,26.0,12.105,43.02,1350.32,1307.94
420,2025-03-30 21:27:41.067471,2025-03-30 21:27:41.067471,2025.0,3.0,30.0,21.0,27.0,41.0,12.09,43.04,1350.32,1307.94
421,2025-03-30 21:27:56.067195,2025-03-30 21:27:56.067195,2025.0,3.0,30.0,21.0,27.0,56.0,12.1475,42.98,1350.32,1307.94
422,2025-03-30 21:28:11.067538,2025-03-30 21:28:11.067538,2025.0,3.0,30.0,21.0,28.0,11.0,12.34,42.78,1350.32,1307.94
423,2025-03-30 21:28:26.067118,2025-03-30 21:28:26.067118,2025.0,3.0,30.0,21.0,28.0,26.0,12.12375,43.0,1350.32,1307.94
424,2025-03-30 21:28:41.067134,2025-03-30 21:28:41.067134,2025.0,3.0,30.0,21.0,28.0,41.0,11.93125,43.19,1350.32,1307.94
425,2025-03-30 21:28:56.067551,2025-03-30 21:28:56.067551,2025.0,3.0,30.0,21.0,28.0,56.0,12.12,43.0,1350.32,1307.94
426,2025-03-30 21:29:11.069468,2025-03-30 21:29:11.069468,2025.0,3.0,30.0,21.0,29.0,11.0,12.11875,43.01,1350.32,1307.94
427,2025-03-30 21:29:26.068742,2025-03-30 21:29:26.068742,2025.0,3.0,30.0,21.0,29.0,26.0,12.11,43.02,1350.32,1307.94
428,2025-03-30 21:29:41.067506,2025-03-30 21:29:41.067506,2025.0,3.0,30.0,21.0,29.0,41.0,12.16625,42.96,1350.32,1307.94
429,2025-03-30 21:29:56.067493,2025-03-30 21:29:56.067493,2025.0,3.0,30.0,21.0,29.0,56.0,12.12375,43.0,1350.32,1307.94
430,2025-03-30 21:30:11.067295,2025-03-30 21:30:11.067295,2025.0,3.0,30.0,21.0,30.0,11.0,12.11,43.02,1350.32,1307.94
431,2025-03-30 21:30:26.067192,2025-03-30 21:30:26.067192,2025.0,3.0,30.0,21.0,30.0,26.0,12.16125,42.96,1350.32,1307.94
432,2025-03-30 21:30:41.070884,2025-03-30 21:30:41.070884,2025.0,3.0,30.0,21.0,30.0,41.0,12.095,43.03,1350.32,1307.94
433,2025-03-30 21:30:56.067960,2025-03-30 21:30:56.067960,2025.0,3.0,30.0,21.0,30.0,56.0,12.13875,42.99,1350.32,1307.94
434,2025-03-30 21:31:11.067851,2025-03-30 21:31:11.067851,2025.0,3.0,30.0,21.0,31.0,11.0,12.1475,42.98,1350.32,1307.94
435,2025-03-30 21:31:26.067433,2025-03-30 21:31:26.067433,2025.0,3.0,30.0,21.0,31.0,26.0,12.12875,43.0,1350.32,1307.94
436,2025-03-30 21:31:41.067950,2025-03-30 21:31:41.067950,2025.0,3.0,30.0,21.0,31.0,41.0,12.1,43.02,1350.32,1307.94
437,2025-03-30 21:32:04.678003,2025-03-30 21:32:04.678003,2025.0,3.0,30.0,21.0,32.0,4.0,9.90875,36.5,1350.32,1307.94
438,2025-03-30 21:32:19.672426,2025-03-30 21:32:19.672426,2025.0,3.0,30.0,21.0,32.0,19.0,26.26875,28.85625,1046.16,1307.94
439,2025-03-30 21:32:34.672206,2025-03-30 21:32:34.672206,2025.0,3.0,30.0,21.0,32.0,34.0,53.84875,1.2762500000000043,16.79,1307.94
440,2025-03-30 21:32:49.672070,2025-03-30 21:32:49.672070,2025.0,3.0,30.0,21.0,32.0,49.0,44.68625,10.43875,314.18,1307.94
441,2025-03-30 21:33:04.672682,2025-03-30 21:33:04.672682,2025.0,3.0,30.0,21.0,33.0,4.0,41.40625,13.71875,443.8,1307.94
442,2025-03-30 21:33:19.672120,2025-03-30 21:33:19.672120,2025.0,3.0,30.0,21.0,33.0,19.0,39.83375,15.291250000000003,506.37,1307.94
443,2025-03-30 21:33:34.672170,2025-03-30 21:33:34.672170,2025.0,3.0,30.0,21.0,33.0,34.0,38.28125,16.84375,568.15,1307.94
444,2025-03-30 21:33:49.672248,2025-03-30 21:33:49.672248,2025.0,3.0,30.0,21.0,33.0,49.0,38.715,16.410000000000004,550.89,1307.94
445,2025-03-30 21:34:04.672127,2025-03-30 21:34:04.672127,2025.0,3.0,30.0,21.0,34.0,4.0,37.9525,17.1725,581.23,1307.94
446,2025-03-30 21:34:19.671791,2025-03-30 21:34:19.671791,2025.0,3.0,30.0,21.0,34.0,19.0,67.01625,0.0,0.0,1307.94
447,2025-03-30 21:34:34.672274,2025-03-30 21:34:34.672274,2025.0,3.0,30.0,21.0,34.0,34.0,15.8575,36.5,1350.32,1307.94
448,2025-03-30 21:34:49.672176,2025-03-30 21:34:49.672176,2025.0,3.0,30.0,21.0,34.0,49.0,37.65375,17.471249999999998,593.12,1307.94
449,2025-03-30 21:35:04.672295,2025-03-30 21:35:04.672295,2025.0,3.0,30.0,21.0,35.0,4.0,19.7475,35.3775,1305.65,1307.94
450,2025-03-30 21:35:19.672175,2025-03-30 21:35:19.672175,2025.0,3.0,30.0,21.0,35.0,19.0,19.7125,35.4125,1307.04,1307.94
451,2025-03-30 21:35:34.672436,2025-03-30 21:35:34.672436,2025.0,3.0,30.0,21.0,35.0,34.0,19.69,35.435,1307.94,1307.94
452,2025-03-30 21:35:49.672194,2025-03-30 21:35:49.672194,2025.0,3.0,30.0,21.0,35.0,49.0,19.7375,35.3875,1306.05,1307.94
453,2025-03-30 21:36:04.672162,2025-03-30 21:36:04.672162,2025.0,3.0,30.0,21.0,36.0,4.0,19.685,35.44,1308.14,1307.94
454,2025-03-30 21:36:19.672105,2025-03-30 21:36:19.672105,2025.0,3.0,30.0,21.0,36.0,19.0,19.7275,35.3975,1306.45,1307.94
455,2025-03-30 21:36:34.672350,2025-03-30 21:36:34.672350,2025.0,3.0,30.0,21.0,36.0,34.0,19.69,35.435,1307.94,1307.94
456,2025-03-30 21:36:49.672314,2025-03-30 21:36:49.672314,2025.0,3.0,30.0,21.0,36.0,49.0,19.68,35.445,1308.34,1307.94
457,2025-03-30 21:37:04.672378,2025-03-30 21:37:04.672378,2025.0,3.0,30.0,21.0,37.0,4.0,19.70375,35.42125,1307.39,1307.94
458,2025-03-30 21:37:19.672160,2025-03-30 21:37:19.672160,2025.0,3.0,30.0,21.0,37.0,19.0,19.675,35.45,1308.54,1307.94
459,2025-03-30 21:37:34.671816,2025-03-30 21:37:34.671816,2025.0,3.0,30.0,21.0,37.0,34.0,19.70375,35.42125,1307.39,1307.94
460,2025-03-30 21:37:49.672046,2025-03-30 21:37:49.672046,2025.0,3.0,30.0,21.0,37.0,49.0,19.70375,35.42125,1307.39,1307.94
461,2025-03-30 21:38:04.672177,2025-03-30 21:38:04.672177,2025.0,3.0,30.0,21.0,38.0,4.0,19.71375,35.411249999999995,1306.99,1307.94
462,2025-03-30 21:38:19.672338,2025-03-30 21:38:19.672338,2025.0,3.0,30.0,21.0,38.0,19.0,19.685,35.44,1308.14,1307.94
463,2025-03-30 21:38:34.672614,2025-03-30 21:38:34.672614,2025.0,3.0,30.0,21.0,38.0,34.0,19.68,35.445,1308.34,1307.94
464,2025-03-30 21:38:49.672171,2025-03-30 21:38:49.672171,2025.0,3.0,30.0,21.0,38.0,49.0,19.70375,35.42125,1307.39,1307.94
465,2025-03-30 21:39:04.673351,2025-03-30 21:39:04.673351,2025.0,3.0,30.0,21.0,39.0,4.0,19.69875,35.42625,1307.59,1307.94
466,2025-03-30 21:39:19.672207,2025-03-30 21:39:19.672207,2025.0,3.0,30.0,21.0,39.0,19.0,19.71375,35.411249999999995,1306.99,1307.94
467,2025-03-30 21:39:34.672013,2025-03-30 21:39:34.672013,2025.0,3.0,30.0,21.0,39.0,34.0,19.70875,35.41625,1307.19,1307.94
468,2025-03-30 21:39:49.672256,2025-03-30 21:39:49.672256,2025.0,3.0,30.0,21.0,39.0,49.0,19.71375,35.411249999999995,1306.99,1307.94
469,2025-03-30 21:40:04.672411,2025-03-30 21:40:04.672411,2025.0,3.0,30.0,21.0,40.0,4.0,19.68875,35.43625,1307.99,1307.94
470,2025-03-30 21:40:19.672843,2025-03-30 21:40:19.672843,2025.0,3.0,30.0,21.0,40.0,19.0,19.722500000000004,35.4025,1306.65,1307.94
471,2025-03-30 21:40:34.672783,2025-03-30 21:40:34.672783,2025.0,3.0,30.0,21.0,40.0,34.0,19.69,35.435,1307.94,1307.94
472,2025-03-30 21:40:49.672739,2025-03-30 21:40:49.672739,2025.0,3.0,30.0,21.0,40.0,49.0,19.70375,35.42125,1307.39,1307.94
473,2025-03-30 21:41:04.672800,2025-03-30 21:41:04.672800,2025.0,3.0,30.0,21.0,41.0,4.0,19.7375,35.3875,1306.05,1307.94
474,2025-03-30 21:41:19.672748,2025-03-30 21:41:19.672748,2025.0,3.0,30.0,21.0,41.0,19.0,19.7375,35.3875,1306.05,1307.94
475,2025-03-30 21:41:34.672757,2025-03-30 21:41:34.672757,2025.0,3.0,30.0,21.0,41.0,34.0,19.69375,35.43125,1307.79,1307.94
476,2025-03-30 21:41:49.672742,2025-03-30 21:41:49.672742,2025.0,3.0,30.0,21.0,41.0,49.0,19.70375,35.42125,1307.39,1307.94
477,2025-03-30 21:42:04.672711,2025-03-30 21:42:04.672711,2025.0,3.0,30.0,21.0,42.0,4.0,19.69,35.435,1307.94,1307.94
478,2025-03-30 21:42:19.672492,2025-03-30 21:42:19.672492,2025.0,3.0,30.0,21.0,42.0,19.0,19.68,35.445,1308.34,1307.94
479,2025-03-30 21:42:34.672549,2025-03-30 21:42:34.672549,2025.0,3.0,30.0,21.0,42.0,34.0,19.68,35.445,1308.34,1307.94
480,2025-03-30 21:42:49.672374,2025-03-30 21:42:49.672374,2025.0,3.0,30.0,21.0,42.0,49.0,19.69,35.435,1307.94,1307.94
481,2025-03-30 21:43:04.672724,2025-03-30 21:43:04.672724,2025.0,3.0,30.0,21.0,43.0,4.0,19.68875,35.43625,1307.99,1307.94
482,2025-03-30 21:43:19.672949,2025-03-30 21:43:19.672949,2025.0,3.0,30.0,21.0,43.0,19.0,19.698750000000004,35.42625,1307.59,1307.94
483,2025-03-30 21:43:34.673569,2025-03-30 21:43:34.673569,2025.0,3.0,30.0,21.0,43.0,34.0,19.69375,35.43125,1307.79,1307.94
484,2025-03-30 21:43:49.672881,2025-03-30 21:43:49.672881,2025.0,3.0,30.0,21.0,43.0,49.0,19.707500000000003,35.4175,1307.24,1307.94
485,2025-03-30 21:44:04.673358,2025-03-30 21:44:04.673358,2025.0,3.0,30.0,21.0,44.0,4.0,19.655,35.47,1309.33,1307.94
486,2025-03-30 21:44:19.672829,2025-03-30 21:44:19.672829,2025.0,3.0,30.0,21.0,44.0,19.0,19.685,35.44,1308.14,1307.94
487,2025-03-30 21:44:34.672932,2025-03-30 21:44:34.672932,2025.0,3.0,30.0,21.0,44.0,34.0,19.68875,35.43625,1307.99,1307.94
488,2025-03-30 21:44:49.672769,2025-03-30 21:44:49.672769,2025.0,3.0,30.0,21.0,44.0,49.0,19.66,35.465,1309.13,1307.94
489,2025-03-30 21:45:04.672848,2025-03-30 21:45:04.672848,2025.0,3.0,30.0,21.0,45.0,4.0,19.68,35.445,1308.34,1307.94
490,2025-03-30 21:45:19.673430,2025-03-30 21:45:19.673430,2025.0,3.0,30.0,21.0,45.0,19.0,19.69875,35.42625,1307.59,1307.94
491,2025-03-30 21:45:34.672468,2025-03-30 21:45:34.672468,2025.0,3.0,30.0,21.0,45.0,34.0,19.685,35.44,1308.14,1307.94
492,2025-03-30 21:45:49.672523,2025-03-30 21:45:49.672523,2025.0,3.0,30.0,21.0,45.0,49.0,19.69,35.435,1307.94,1307.94
493,2025-03-30 21:46:04.672594,2025-03-30 21:46:04.672594,2025.0,3.0,30.0,21.0,46.0,4.0,19.7275,35.3975,1306.45,1307.94
494,2025-03-30 21:46:19.672811,2025-03-30 21:46:19.672811,2025.0,3.0,30.0,21.0,46.0,19.0,19.7125,35.412499999999994,1307.04,1307.94
495,2025-03-30 21:46:34.672963,2025-03-30 21:46:34.672963,2025.0,3.0,30.0,21.0,46.0,34.0,19.68,35.445,1308.34,1307.94
496,2025-03-30 21:46:49.672821,2025-03-30 21:46:49.672821,2025.0,3.0,30.0,21.0,46.0,49.0,19.7175,35.4075,1306.84,1307.94
497,2025-03-30 21:47:04.673244,2025-03-30 21:47:04.673244,2025.0,3.0,30.0,21.0,47.0,4.0,19.67,35.455,1308.73,1307.94
498,2025-03-30 21:47:19.672749,2025-03-30 21:47:19.672749,2025.0,3.0,30.0,21.0,47.0,19.0,19.698750000000004,35.42625,1307.59,1307.94
499,2025-03-30 21:47:34.672722,2025-03-30 21:47:34.672722,2025.0,3.0,30.0,21.0,47.0,34.0,19.665,35.46,1308.93,1307.94
500,2025-03-30 21:47:49.672843,2025-03-30 21:47:49.672843,2025.0,3.0,30.0,21.0,47.0,49.0,19.685,35.44,1308.14,1307.94
501,2025-03-30 21:48:04.673455,2025-03-30 21:48:04.673455,2025.0,3.0,30.0,21.0,48.0,4.0,19.68875,35.43625,1307.99,1307.94
502,2025-03-30 21:48:19.672935,2025-03-30 21:48:19.672935,2025.0,3.0,30.0,21.0,48.0,19.0,19.68,35.445,1308.34,1307.94
503,2025-03-30 21:48:34.672511,2025-03-30 21:48:34.672511,2025.0,3.0,30.0,21.0,48.0,34.0,19.68,35.445,1308.34,1307.94
504,2025-03-30 21:48:49.672480,2025-03-30 21:48:49.672480,2025.0,3.0,30.0,21.0,48.0,49.0,19.698750000000004,35.42625,1307.59,1307.94
505,2025-03-30 21:49:04.672864,2025-03-30 21:49:04.672864,2025.0,3.0,30.0,21.0,49.0,4.0,19.685,35.44,1308.14,1307.94
506,2025-03-30 21:49:19.672567,2025-03-30 21:49:19.672567,2025.0,3.0,30.0,21.0,49.0,19.0,19.655,35.47,1309.33,1307.94
507,2025-03-30 21:49:34.673175,2025-03-30 21:49:34.673175,2025.0,3.0,30.0,21.0,49.0,34.0,19.698750000000004,35.42625,1307.59,1307.94
508,2025-03-30 21:49:49.672689,2025-03-30 21:49:49.672689,2025.0,3.0,30.0,21.0,49.0,49.0,19.68375,35.44125,1308.19,1307.94
509,2025-03-30 21:50:04.672612,2025-03-30 21:50:04.672612,2025.0,3.0,30.0,21.0,50.0,4.0,19.675,35.45,1308.54,1307.94
510,2025-03-30 21:50:19.672909,2025-03-30 21:50:19.672909,2025.0,3.0,30.0,21.0,50.0,19.0,19.66,35.465,1309.13,1307.94
511,2025-03-30 21:50:34.672851,2025-03-30 21:50:34.672851,2025.0,3.0,30.0,21.0,50.0,34.0,19.67,35.455,1308.73,1307.94
512,2025-03-30 21:50:49.672797,2025-03-30 21:50:49.672797,2025.0,3.0,30.0,21.0,50.0,49.0,19.685,35.44,1308.14,1307.94
513,2025-03-30 21:51:04.677007,2025-03-30 21:51:04.677007,2025.0,3.0,30.0,21.0,51.0,4.0,19.5875,35.5375,1312.02,1307.94
514,2025-03-30 21:51:19.672464,2025-03-30 21:51:19.672464,2025.0,3.0,30.0,21.0,51.0,19.0,19.67,35.455,1308.73,1307.94
515,2025-03-30 21:51:34.672912,2025-03-30 21:51:34.672912,2025.0,3.0,30.0,21.0,51.0,34.0,19.7375,35.3875,1306.05,1307.94
516,2025-03-30 21:51:49.672839,2025-03-30 21:51:49.672839,2025.0,3.0,30.0,21.0,51.0,49.0,19.69,35.435,1307.94,1307.94
517,2025-03-30 21:52:04.673160,2025-03-30 21:52:04.673160,2025.0,3.0,30.0,21.0,52.0,4.0,19.69,35.435,1307.94,1307.94
518,2025-03-30 21:52:19.672956,2025-03-30 21:52:19.672956,2025.0,3.0,30.0,21.0,52.0,19.0,19.69,35.435,1307.94,1307.94
519,2025-03-30 21:52:34.672975,2025-03-30 21:52:34.672975,2025.0,3.0,30.0,21.0,52.0,34.0,19.69,35.435,1307.94,1307.94
520,2025-03-30 21:52:49.672937,2025-03-30 21:52:49.672937,2025.0,3.0,30.0,21.0,52.0,49.0,19.69,35.435,1307.94,1307.94
521,2025-03-30 21:53:04.673024,2025-03-30 21:53:04.673024,2025.0,3.0,30.0,21.0,53.0,4.0,19.69,35.435,1307.94,1307.94
522,2025-03-30 21:53:19.672981,2025-03-30 21:53:19.672981,2025.0,3.0,30.0,21.0,53.0,19.0,19.69,35.435,1307.94,1307.94
523,2025-03-30 21:53:34.672900,2025-03-30 21:53:34.672900,2025.0,3.0,30.0,21.0,53.0,34.0,19.69,35.435,1307.94,1307.94
524,2025-03-30 21:53:49.672976,2025-03-30 21:53:49.672976,2025.0,3.0,30.0,21.0,53.0,49.0,19.69,35.435,1307.94,1307.94
525,2025-03-30 21:54:04.673995,2025-03-30 21:54:04.673995,2025.0,3.0,30.0,21.0,54.0,4.0,19.69,35.435,1307.94,1307.94
526,2025-03-30 21:54:19.673060,2025-03-30 21:54:19.673060,2025.0,3.0,30.0,21.0,54.0,19.0,19.69,35.435,1307.94,1307.94
527,2025-03-30 21:54:34.672747,2025-03-30 21:54:34.672747,2025.0,3.0,30.0,21.0,54.0,34.0,19.69,35.435,1307.94,1307.94
528,2025-03-30 21:54:49.672789,2025-03-30 21:54:49.672789,2025.0,3.0,30.0,21.0,54.0,49.0,19.69,35.435,1307.94,1307.94
529,2025-03-30 21:55:04.672899,2025-03-30 21:55:04.672899,2025.0,3.0,30.0,21.0,55.0,4.0,19.69,35.435,1307.94,1307.94
530,2025-03-30 21:55:19.674746,2025-03-30 21:55:19.674746,2025.0,3.0,30.0,21.0,55.0,19.0,19.69,35.435,1307.94,1307.94
531,2025-03-30 21:55:34.672748,2025-03-30 21:55:34.672748,2025.0,3.0,30.0,21.0,55.0,34.0,19.71375,35.411249999999995,1306.99,1307.94
532,2025-03-30 21:55:49.672680,2025-03-30 21:55:49.672680,2025.0,3.0,30.0,21.0,55.0,49.0,19.71375,35.411249999999995,1306.99,1307.94
533,2025-03-30 21:56:04.672959,2025-03-30 21:56:04.672959,2025.0,3.0,30.0,21.0,56.0,4.0,19.69,35.435,1307.94,1307.94
534,2025-03-30 21:56:19.672901,2025-03-30 21:56:19.672901,2025.0,3.0,30.0,21.0,56.0,19.0,19.69,35.435,1307.94,1307.94
535,2025-03-30 21:56:34.672787,2025-03-30 21:56:34.672787,2025.0,3.0,30.0,21.0,56.0,34.0,19.69,35.435,1307.94,1307.94
536,2025-03-30 21:56:49.672918,2025-03-30 21:56:49.672918,2025.0,3.0,30.0,21.0,56.0,49.0,19.69,35.435,1307.94,1307.94
537,2025-03-30 21:57:04.672931,2025-03-30 21:57:04.672931,2025.0,3.0,30.0,21.0,57.0,4.0,19.7375,35.3875,1306.05,1307.94
538,2025-03-30 21:57:19.673069,2025-03-30 21:57:19.673069,2025.0,3.0,30.0,21.0,57.0,19.0,19.71375,35.411249999999995,1306.99,1307.94
539,2025-03-30 21:57:34.673073,2025-03-30 21:57:34.673073,2025.0,3.0,30.0,21.0,57.0,34.0,19.69,35.435,1307.94,1307.94
540,2025-03-30 21:57:49.672858,2025-03-30 21:57:49.672858,2025.0,3.0,30.0,21.0,57.0,49.0,19.69,35.435,1307.94,1307.94
541,2025-03-30 21:58:04.673368,2025-03-30 21:58:04.673368,2025.0,3.0,30.0,21.0,58.0,4.0,19.71375,35.411249999999995,1306.99,1307.94
542,2025-03-30 21:58:19.673500,2025-03-30 21:58:19.673500,2025.0,3.0,30.0,21.0,58.0,19.0,19.67375,35.45125,1308.59,1307.94
543,2025-03-30 21:58:34.673184,2025-03-30 21:58:34.673184,2025.0,3.0,30.0,21.0,58.0,34.0,19.69,35.435,1307.94,1307.94
544,2025-03-30 21:58:49.673632,2025-03-30 21:58:49.673632,2025.0,3.0,30.0,21.0,58.0,49.0,19.69,35.435,1307.94,1307.94
545,2025-03-30 21:59:04.673396,2025-03-30 21:59:04.673396,2025.0,3.0,30.0,21.0,59.0,4.0,19.71375,35.411249999999995,1306.99,1307.94
546,2025-03-30 21:59:19.673192,2025-03-30 21:59:19.673192,2025.0,3.0,30.0,21.0,59.0,19.0,19.69,35.435,1307.94,1307.94
547,2025-03-30 21:59:34.673237,2025-03-30 21:59:34.673237,2025.0,3.0,30.0,21.0,59.0,34.0,19.69,35.435,1307.94,1307.94
548,2025-03-30 21:59:49.673214,2025-03-30 21:59:49.673214,2025.0,3.0,30.0,21.0,59.0,49.0,19.71375,35.411249999999995,1306.99,1307.94
549,2025-03-30 22:00:04.673474,2025-03-30 22:00:04.673474,2025.0,3.0,30.0,22.0,0.0,4.0,19.69,35.435,1307.94,1307.94
550,2025-03-30 22:00:19.673235,2025-03-30 22:00:19.673235,2025.0,3.0,30.0,22.0,0.0,19.0,19.71375,35.411249999999995,1306.99,1307.94
551,2025-03-30 22:00:34.673250,2025-03-30 22:00:34.673250,2025.0,3.0,30.0,22.0,0.0,34.0,19.71375,35.411249999999995,1306.99,1307.94
552,2025-03-30 22:00:49.673303,2025-03-30 22:00:49.673303,2025.0,3.0,30.0,22.0,0.0,49.0,19.69,35.435,1307.94,1307.94
553,2025-03-30 22:01:04.673583,2025-03-30 22:01:04.673583,2025.0,3.0,30.0,22.0,1.0,4.0,19.69,35.435,1307.94,1307.94
554,2025-03-30 22:01:19.673375,2025-03-30 22:01:19.673375,2025.0,3.0,30.0,22.0,1.0,19.0,19.69,35.435,1307.94,1307.94
555,2025-03-30 22:01:34.672954,2025-03-30 22:01:34.672954,2025.0,3.0,30.0,22.0,1.0,34.0,19.69,35.435,1307.94,1307.94
556,2025-03-30 22:01:49.673236,2025-03-30 22:01:49.673236,2025.0,3.0,30.0,22.0,1.0,49.0,19.69,35.435,1307.94,1307.94
557,2025-03-30 22:02:04.673683,2025-03-30 22:02:04.673683,2025.0,3.0,30.0,22.0,2.0,4.0,19.7375,35.3875,1306.05,1307.94
558,2025-03-30 22:02:19.673469,2025-03-30 22:02:19.673469,2025.0,3.0,30.0,22.0,2.0,19.0,19.69,35.435,1307.94,1307.94
559,2025-03-30 22:02:34.673073,2025-03-30 22:02:34.673073,2025.0,3.0,30.0,22.0,2.0,34.0,19.71375,35.411249999999995,1306.99,1307.94
560,2025-03-30 22:02:49.673082,2025-03-30 22:02:49.673082,2025.0,3.0,30.0,22.0,2.0,49.0,19.69,35.435,1307.94,1307.94
561,2025-03-30 22:03:04.673407,2025-03-30 22:03:04.673407,2025.0,3.0,30.0,22.0,3.0,4.0,19.69,35.435,1307.94,1307.94
562,2025-03-30 22:03:19.673203,2025-03-30 22:03:19.673203,2025.0,3.0,30.0,22.0,3.0,19.0,19.69,35.435,1307.94,1307.94
563,2025-03-30 22:03:34.673546,2025-03-30 22:03:34.673546,2025.0,3.0,30.0,22.0,3.0,34.0,19.45375,35.67125,1317.34,1307.94
564,2025-03-30 22:03:49.673608,2025-03-30 22:03:49.673608,2025.0,3.0,30.0,22.0,3.0,49.0,19.8275,35.2975,1302.47,1307.94
565,2025-03-30 22:04:04.673380,2025-03-30 22:04:04.673380,2025.0,3.0,30.0,22.0,4.0,4.0,19.69,35.435,1307.94,1307.94
566,2025-03-30 22:04:19.673737,2025-03-30 22:04:19.673737,2025.0,3.0,30.0,22.0,4.0,19.0,19.69,35.435,1307.94,1307.94
567,2025-03-30 22:04:34.673496,2025-03-30 22:04:34.673496,2025.0,3.0,30.0,22.0,4.0,34.0,19.69,35.435,1307.94,1307.94
568,2025-03-30 22:04:49.673563,2025-03-30 22:04:49.673563,2025.0,3.0,30.0,22.0,4.0,49.0,19.67,35.455,1308.73,1307.94
569,2025-03-30 22:05:04.673691,2025-03-30 22:05:04.673691,2025.0,3.0,30.0,22.0,5.0,4.0,19.69,35.435,1307.94,1307.94
570,2025-03-30 22:05:19.673396,2025-03-30 22:05:19.673396,2025.0,3.0,30.0,22.0,5.0,19.0,19.69,35.435,1307.94,1307.94
571,2025-03-30 22:05:34.673146,2025-03-30 22:05:34.673146,2025.0,3.0,30.0,22.0,5.0,34.0,19.71375,35.411249999999995,1306.99,1307.94
572,2025-03-30 22:05:49.673052,2025-03-30 22:05:49.673052,2025.0,3.0,30.0,22.0,5.0,49.0,19.69,35.435,1307.94,1307.94
573,2025-03-30 22:06:04.673285,2025-03-30 22:06:04.673285,2025.0,3.0,30.0,22.0,6.0,4.0,19.71375,35.411249999999995,1306.99,1307.94
574,2025-03-30 22:06:19.673389,2025-03-30 22:06:19.673389,2025.0,3.0,30.0,22.0,6.0,19.0,19.69,35.435,1307.94,1307.94
575,2025-03-30 22:06:34.673628,2025-03-30 22:06:34.673628,2025.0,3.0,30.0,22.0,6.0,34.0,19.69,35.435,1307.94,1307.94
576,2025-03-30 22:06:49.673402,2025-03-30 22:06:49.673402,2025.0,3.0,30.0,22.0,6.0,49.0,19.69,35.435,1307.94,1307.94
577,2025-03-30 22:07:04.673190,2025-03-30 22:07:04.673190,2025.0,3.0,30.0,22.0,7.0,4.0,19.69,35.435,1307.94,1307.94
578,2025-03-30 22:07:19.673143,2025-03-30 22:07:19.673143,2025.0,3.0,30.0,22.0,7.0,19.0,19.69,35.435,1307.94,1307.94
579,2025-03-30 22:07:34.673243,2025-03-30 22:07:34.673243,2025.0,3.0,30.0,22.0,7.0,34.0,19.69,35.435,1307.94,1307.94
580,2025-03-30 22:07:49.673411,2025-03-30 22:07:49.673411,2025.0,3.0,30.0,22.0,7.0,49.0,19.69,35.435,1307.94,1307.94
581,2025-03-30 22:08:04.673770,2025-03-30 22:08:04.673770,2025.0,3.0,30.0,22.0,8.0,4.0,19.71375,35.411249999999995,1306.99,1307.94
582,2025-03-30 22:08:19.673434,2025-03-30 22:08:19.673434,2025.0,3.0,30.0,22.0,8.0,19.0,19.69,35.435,1307.94,1307.94
583,2025-03-30 22:08:34.673561,2025-03-30 22:08:34.673561,2025.0,3.0,30.0,22.0,8.0,34.0,19.7375,35.3875,1306.05,1307.94
584,2025-03-30 22:08:49.673211,2025-03-30 22:08:49.673211,2025.0,3.0,30.0,22.0,8.0,49.0,19.69,35.435,1307.94,1307.94
585,2025-03-30 22:09:04.673469,2025-03-30 22:09:04.673469,2025.0,3.0,30.0,22.0,9.0,4.0,19.69,35.435,1307.94,1307.94
586,2025-03-30 22:09:19.673645,2025-03-30 22:09:19.673645,2025.0,3.0,30.0,22.0,9.0,19.0,19.69,35.435,1307.94,1307.94
587,2025-03-30 22:09:34.673888,2025-03-30 22:09:34.673888,2025.0,3.0,30.0,22.0,9.0,34.0,19.71375,35.411249999999995,1306.99,1307.94
588,2025-03-30 22:09:49.673629,2025-03-30 22:09:49.673629,2025.0,3.0,30.0,22.0,9.0,49.0,19.71375,35.411249999999995,1306.99,1307.94
589,2025-03-30 22:10:04.673953,2025-03-30 22:10:04.673953,2025.0,3.0,30.0,22.0,10.0,4.0,19.71375,35.411249999999995,1306.99,1307.94
590,2025-03-30 22:10:19.673645,2025-03-30 22:10:19.673645,2025.0,3.0,30.0,22.0,10.0,19.0,19.69,35.435,1307.94,1307.94
591,2025-03-30 22:10:34.673641,2025-03-30 22:10:34.673641,2025.0,3.0,30.0,22.0,10.0,34.0,19.71375,35.411249999999995,1306.99,1307.94
592,2025-03-30 22:10:49.673500,2025-03-30 22:10:49.673500,2025.0,3.0,30.0,22.0,10.0,49.0,19.69,35.435,1307.94,1307.94
593,2025-03-30 22:11:04.673990,2025-03-30 22:11:04.673990,2025.0,3.0,30.0,22.0,11.0,4.0,19.69,35.435,1307.94,1307.94
594,2025-03-30 22:11:19.673834,2025-03-30 22:11:19.673834,2025.0,3.0,30.0,22.0,11.0,19.0,19.65,35.475,1309.53,1307.94
595,2025-03-30 22:11:34.673713,2025-03-30 22:11:34.673713,2025.0,3.0,30.0,22.0,11.0,34.0,19.69,35.435,1307.94,1307.94
596,2025-03-30 22:11:49.673653,2025-03-30 22:11:49.673653,2025.0,3.0,30.0,22.0,11.0,49.0,19.69,35.435,1307.94,1307.94
597,2025-03-30 22:12:04.674055,2025-03-30 22:12:04.674055,2025.0,3.0,30.0,22.0,12.0,4.0,19.76125,35.36375,1305.1,1307.94
598,2025-03-30 22:12:19.673727,2025-03-30 22:12:19.673727,2025.0,3.0,30.0,22.0,12.0,19.0,19.69,35.435,1307.94,1307.94
599,2025-03-30 22:12:34.673498,2025-03-30 22:12:34.673498,2025.0,3.0,30.0,22.0,12.0,34.0,19.71375,35.411249999999995,1306.99,1307.94
600,2025-03-30 22:12:49.673852,2025-03-30 22:12:49.673852,2025.0,3.0,30.0,22.0,12.0,49.0,19.69,35.435,1307.94,1307.94
601,2025-03-30 22:13:04.674099,2025-03-30 22:13:04.674099,2025.0,3.0,30.0,22.0,13.0,4.0,19.71375,35.411249999999995,1306.99,1307.94
602,2025-03-30 22:13:19.674061,2025-03-30 22:13:19.674061,2025.0,3.0,30.0,22.0,13.0,19.0,19.69,35.435,1307.94,1307.94
603,2025-03-30 22:13:34.673765,2025-03-30 22:13:34.673765,2025.0,3.0,30.0,22.0,13.0,34.0,19.69,35.435,1307.94,1307.94
604,2025-03-30 22:13:49.674044,2025-03-30 22:13:49.674044,2025.0,3.0,30.0,22.0,13.0,49.0,19.71375,35.411249999999995,1306.99,1307.94
605,2025-03-30 22:14:04.674114,2025-03-30 22:14:04.674114,2025.0,3.0,30.0,22.0,14.0,4.0,19.69,35.435,1307.94,1307.94
606,2025-03-30 22:14:19.673902,2025-03-30 22:14:19.673902,2025.0,3.0,30.0,22.0,14.0,19.0,19.69,35.435,1307.94,1307.94
607,2025-03-30 22:14:34.673837,2025-03-30 22:14:34.673837,2025.0,3.0,30.0,22.0,14.0,34.0,19.71375,35.411249999999995,1306.99,1307.94
608,2025-03-30 22:14:49.673815,2025-03-30 22:14:49.673815,2025.0,3.0,30.0,22.0,14.0,49.0,19.71375,35.411249999999995,1306.99,1307.94
609,2025-03-30 22:15:04.673970,2025-03-30 22:15:04.673970,2025.0,3.0,30.0,22.0,15.0,4.0,19.69,35.435,1307.94,1307.94
610,2025-03-30 22:15:19.673785,2025-03-30 22:15:19.673785,2025.0,3.0,30.0,22.0,15.0,19.0,19.71375,35.411249999999995,1306.99,1307.94
611,2025-03-30 22:15:34.673781,2025-03-30 22:15:34.673781,2025.0,3.0,30.0,22.0,15.0,34.0,19.69,35.435,1307.94,1307.94
612,2025-03-30 22:15:49.673835,2025-03-30 22:15:49.673835,2025.0,3.0,30.0,22.0,15.0,49.0,19.71375,35.411249999999995,1306.99,1307.94
613,2025-03-30 22:16:04.673565,2025-03-30 22:16:04.673565,2025.0,3.0,30.0,22.0,16.0,4.0,19.69,35.435,1307.94,1307.94
614,2025-03-30 22:16:19.673950,2025-03-30 22:16:19.673950,2025.0,3.0,30.0,22.0,16.0,19.0,19.67,35.455,1308.73,1307.94
615,2025-03-30 22:16:34.674050,2025-03-30 22:16:34.674050,2025.0,3.0,30.0,22.0,16.0,34.0,19.69,35.435,1307.94,1307.94
616,2025-03-30 22:16:49.673942,2025-03-30 22:16:49.673942,2025.0,3.0,30.0,22.0,16.0,49.0,19.69,35.435,1307.94,1307.94
617,2025-03-30 22:17:04.674747,2025-03-30 22:17:04.674747,2025.0,3.0,30.0,22.0,17.0,4.0,19.69,35.435,1307.94,1307.94
618,2025-03-30 22:17:19.673536,2025-03-30 22:17:19.673536,2025.0,3.0,30.0,22.0,17.0,19.0,19.69,35.435,1307.94,1307.94
619,2025-03-30 22:17:34.673563,2025-03-30 22:17:34.673563,2025.0,3.0,30.0,22.0,17.0,34.0,19.69,35.435,1307.94,1307.94
620,2025-03-30 22:17:49.673557,2025-03-30 22:17:49.673557,2025.0,3.0,30.0,22.0,17.0,49.0,19.71375,35.411249999999995,1306.99,1307.94
621,2025-03-30 22:18:04.673810,2025-03-30 22:18:04.673810,2025.0,3.0,30.0,22.0,18.0,4.0,19.69,35.435,1307.94,1307.94
622,2025-03-30 22:18:19.673884,2025-03-30 22:18:19.673884,2025.0,3.0,30.0,22.0,18.0,19.0,19.71375,35.411249999999995,1306.99,1307.94
623,2025-03-30 22:18:34.674036,2025-03-30 22:18:34.674036,2025.0,3.0,30.0,22.0,18.0,34.0,19.71375,35.411249999999995,1306.99,1307.94
624,2025-03-30 22:18:49.673603,2025-03-30 22:18:49.673603,2025.0,3.0,30.0,22.0,18.0,49.0,19.69,35.435,1307.94,1307.94
625,2025-03-30 22:19:04.675461,2025-03-30 22:19:04.675461,2025.0,3.0,30.0,22.0,19.0,4.0,19.69,35.435,1307.94,1307.94
626,2025-03-30 22:19:19.674232,2025-03-30 22:19:19.674232,2025.0,3.0,30.0,22.0,19.0,19.0,19.69,35.435,1307.94,1307.94
627,2025-03-30 22:19:34.674685,2025-03-30 22:19:34.674685,2025.0,3.0,30.0,22.0,19.0,34.0,19.69,35.435,1307.94,1307.94
628,2025-03-30 22:19:49.673913,2025-03-30 22:19:49.673913,2025.0,3.0,30.0,22.0,19.0,49.0,19.7375,35.3875,1306.05,1307.94
629,2025-03-30 22:20:04.673793,2025-03-30 22:20:04.673793,2025.0,3.0,30.0,22.0,20.0,4.0,19.69,35.435,1307.94,1307.94
630,2025-03-30 22:20:19.673594,2025-03-30 22:20:19.673594,2025.0,3.0,30.0,22.0,20.0,19.0,19.71375,35.411249999999995,1306.99,1307.94
631,2025-03-30 22:20:34.673592,2025-03-30 22:20:34.673592,2025.0,3.0,30.0,22.0,20.0,34.0,19.69,35.435,1307.94,1307.94
632,2025-03-30 22:20:49.673650,2025-03-30 22:20:49.673650,2025.0,3.0,30.0,22.0,20.0,49.0,19.71375,35.411249999999995,1306.99,1307.94
633,2025-03-30 22:21:04.673846,2025-03-30 22:21:04.673846,2025.0,3.0,30.0,22.0,21.0,4.0,19.71375,35.411249999999995,1306.99,1307.94
634,2025-03-30 22:21:19.673677,2025-03-30 22:21:19.673677,2025.0,3.0,30.0,22.0,21.0,19.0,19.69,35.435,1307.94,1307.94
635,2025-03-30 22:21:34.673659,2025-03-30 22:21:34.673659,2025.0,3.0,30.0,22.0,21.0,34.0,19.71375,35.411249999999995,1306.99,1307.94
636,2025-03-30 22:21:49.673641,2025-03-30 22:21:49.673641,2025.0,3.0,30.0,22.0,21.0,49.0,19.69,35.435,1307.94,1307.94
637,2025-03-30 22:22:04.674022,2025-03-30 22:22:04.674022,2025.0,3.0,30.0,22.0,22.0,4.0,19.69,35.435,1307.94,1307.94
638,2025-03-30 22:22:19.673653,2025-03-30 22:22:19.673653,2025.0,3.0,30.0,22.0,22.0,19.0,19.71375,35.411249999999995,1306.99,1307.94
639,2025-03-30 22:22:34.673692,2025-03-30 22:22:34.673692,2025.0,3.0,30.0,22.0,22.0,34.0,19.7375,35.3875,1306.05,1307.94
640,2025-03-30 22:22:49.673752,2025-03-30 22:22:49.673752,2025.0,3.0,30.0,22.0,22.0,49.0,19.69,35.435,1307.94,1307.94
641,2025-03-30 22:23:04.674102,2025-03-30 22:23:04.674102,2025.0,3.0,30.0,22.0,23.0,4.0,19.69,35.435,1307.94,1307.94
642,2025-03-30 22:23:19.673729,2025-03-30 22:23:19.673729,2025.0,3.0,30.0,22.0,23.0,19.0,19.69,35.435,1307.94,1307.94
643,2025-03-30 22:23:34.674220,2025-03-30 22:23:34.674220,2025.0,3.0,30.0,22.0,23.0,34.0,19.69,35.435,1307.94,1307.94
644,2025-03-30 22:23:49.673777,2025-03-30 22:23:49.673777,2025.0,3.0,30.0,22.0,23.0,49.0,19.69,35.435,1307.94,1307.94
645,2025-03-30 22:24:04.674121,2025-03-30 22:24:04.674121,2025.0,3.0,30.0,22.0,24.0,4.0,19.69,35.435,1307.94,1307.94
646,2025-03-30 22:24:19.674074,2025-03-30 22:24:19.674074,2025.0,3.0,30.0,22.0,24.0,19.0,19.71375,35.411249999999995,1306.99,1307.94
647,2025-03-30 22:24:34.674380,2025-03-30 22:24:34.674380,2025.0,3.0,30.0,22.0,24.0,34.0,19.69,35.435,1307.94,1307.94
648,2025-03-30 22:24:49.674210,2025-03-30 22:24:49.674210,2025.0,3.0,30.0,22.0,24.0,49.0,19.69,35.435,1307.94,1307.94
649,2025-03-30 22:25:04.675055,2025-03-30 22:25:04.675055,2025.0,3.0,30.0,22.0,25.0,4.0,19.69,35.435,1307.94,1307.94
650,2025-03-30 22:25:19.674448,2025-03-30 22:25:19.674448,2025.0,3.0,30.0,22.0,25.0,19.0,19.69,35.435,1307.94,1307.94
651,2025-03-30 22:25:34.674309,2025-03-30 22:25:34.674309,2025.0,3.0,30.0,22.0,25.0,34.0,19.71375,35.411249999999995,1306.99,1307.94
652,2025-03-30 22:25:49.674115,2025-03-30 22:25:49.674115,2025.0,3.0,30.0,22.0,25.0,49.0,19.69,35.435,1307.94,1307.94
653,2025-03-30 22:26:04.674362,2025-03-30 22:26:04.674362,2025.0,3.0,30.0,22.0,26.0,4.0,19.69,35.435,1307.94,1307.94
654,2025-03-30 22:26:19.674353,2025-03-30 22:26:19.674353,2025.0,3.0,30.0,22.0,26.0,19.0,19.69,35.435,1307.94,1307.94
655,2025-03-30 22:26:34.674244,2025-03-30 22:26:34.674244,2025.0,3.0,30.0,22.0,26.0,34.0,19.69,35.435,1307.94,1307.94
656,2025-03-30 22:26:49.674414,2025-03-30 22:26:49.674414,2025.0,3.0,30.0,22.0,26.0,49.0,19.69,35.435,1307.94,1307.94
657,2025-03-30 22:27:04.674250,2025-03-30 22:27:04.674250,2025.0,3.0,30.0,22.0,27.0,4.0,19.69,35.435,1307.94,1307.94
658,2025-03-30 22:27:19.674290,2025-03-30 22:27:19.674290,2025.0,3.0,30.0,22.0,27.0,19.0,19.69,35.435,1307.94,1307.94
659,2025-03-30 22:27:34.674276,2025-03-30 22:27:34.674276,2025.0,3.0,30.0,22.0,27.0,34.0,19.69,35.435,1307.94,1307.94
660,2025-03-30 22:27:49.674483,2025-03-30 22:27:49.674483,2025.0,3.0,30.0,22.0,27.0,49.0,19.69,35.435,1307.94,1307.94
661,2025-03-30 22:28:04.674276,2025-03-30 22:28:04.674276,2025.0,3.0,30.0,22.0,28.0,4.0,19.67,35.455,1308.73,1307.94
662,2025-03-30 22:28:19.674335,2025-03-30 22:28:19.674335,2025.0,3.0,30.0,22.0,28.0,19.0,19.69,35.435,1307.94,1307.94
663,2025-03-30 22:28:34.674567,2025-03-30 22:28:34.674567,2025.0,3.0,30.0,22.0,28.0,34.0,19.69,35.435,1307.94,1307.94
664,2025-03-30 22:28:49.674417,2025-03-30 22:28:49.674417,2025.0,3.0,30.0,22.0,28.0,49.0,19.69,35.435,1307.94,1307.94
665,2025-03-30 22:29:04.674235,2025-03-30 22:29:04.674235,2025.0,3.0,30.0,22.0,29.0,4.0,19.69,35.435,1307.94,1307.94
666,2025-03-30 22:29:19.674345,2025-03-30 22:29:19.674345,2025.0,3.0,30.0,22.0,29.0,19.0,19.69,35.435,1307.94,1307.94
667,2025-03-30 22:29:34.674305,2025-03-30 22:29:34.674305,2025.0,3.0,30.0,22.0,29.0,34.0,19.69,35.435,1307.94,1307.94
668,2025-03-30 22:29:49.674297,2025-03-30 22:29:49.674297,2025.0,3.0,30.0,22.0,29.0,49.0,19.69,35.435,1307.94,1307.94
669,2025-03-30 22:30:04.674578,2025-03-30 22:30:04.674578,2025.0,3.0,30.0,22.0,30.0,4.0,19.69,35.435,1307.94,1307.94
670,2025-03-30 22:30:19.674357,2025-03-30 22:30:19.674357,2025.0,3.0,30.0,22.0,30.0,19.0,19.69,35.435,1307.94,1307.94
671,2025-03-30 22:30:34.674390,2025-03-30 22:30:34.674390,2025.0,3.0,30.0,22.0,30.0,34.0,19.69,35.435,1307.94,1307.94
672,2025-03-30 22:30:49.674157,2025-03-30 22:30:49.674157,2025.0,3.0,30.0,22.0,30.0,49.0,19.69,35.435,1307.94,1307.94
673,2025-03-30 22:31:04.674325,2025-03-30 22:31:04.674325,2025.0,3.0,30.0,22.0,31.0,4.0,19.69,35.435,1307.94,1307.94
674,2025-03-30 22:31:19.674480,2025-03-30 22:31:19.674480,2025.0,3.0,30.0,22.0,31.0,19.0,19.69,35.435,1307.94,1307.94
675,2025-03-30 22:31:34.674214,2025-03-30 22:31:34.674214,2025.0,3.0,30.0,22.0,31.0,34.0,19.69,35.435,1307.94,1307.94
676,2025-03-30 22:31:49.674786,2025-03-30 22:31:49.674786,2025.0,3.0,30.0,22.0,31.0,49.0,19.69,35.435,1307.94,1307.94
677,2025-03-30 22:32:04.674458,2025-03-30 22:32:04.674458,2025.0,3.0,30.0,22.0,32.0,4.0,19.69,35.435,1307.94,1307.94
678,2025-03-30 22:32:19.674261,2025-03-30 22:32:19.674261,2025.0,3.0,30.0,22.0,32.0,19.0,19.69,35.435,1307.94,1307.94
679,2025-03-30 22:32:34.674364,2025-03-30 22:32:34.674364,2025.0,3.0,30.0,22.0,32.0,34.0,19.7375,35.3875,1306.05,1307.94
680,2025-03-30 22:32:49.674332,2025-03-30 22:32:49.674332,2025.0,3.0,30.0,22.0,32.0,49.0,19.69,35.435,1307.94,1307.94
681,2025-03-30 22:33:04.674984,2025-03-30 22:33:04.674984,2025.0,3.0,30.0,22.0,33.0,4.0,19.69,35.435,1307.94,1307.94
682,2025-03-30 22:33:19.674166,2025-03-30 22:33:19.674166,2025.0,3.0,30.0,22.0,33.0,19.0,19.69,35.435,1307.94,1307.94
683,2025-03-30 22:33:34.674218,2025-03-30 22:33:34.674218,2025.0,3.0,30.0,22.0,33.0,34.0,19.69,35.435,1307.94,1307.94
684,2025-03-30 22:33:49.674573,2025-03-30 22:33:49.674573,2025.0,3.0,30.0,22.0,33.0,49.0,19.69,35.435,1307.94,1307.94
685,2025-03-30 22:34:04.674564,2025-03-30 22:34:04.674564,2025.0,3.0,30.0,22.0,34.0,4.0,19.71375,35.411249999999995,1306.99,1307.94
686,2025-03-30 22:34:19.674689,2025-03-30 22:34:19.674689,2025.0,3.0,30.0,22.0,34.0,19.0,19.69,35.435,1307.94,1307.94
687,2025-03-30 22:34:34.674803,2025-03-30 22:34:34.674803,2025.0,3.0,30.0,22.0,34.0,34.0,19.69,35.435,1307.94,1307.94
688,2025-03-30 22:34:49.674776,2025-03-30 22:34:49.674776,2025.0,3.0,30.0,22.0,34.0,49.0,19.69,35.435,1307.94,1307.94
689,2025-03-30 22:35:04.674955,2025-03-30 22:35:04.674955,2025.0,3.0,30.0,22.0,35.0,4.0,19.71375,35.411249999999995,1306.99,1307.94
690,2025-03-30 22:35:19.674785,2025-03-30 22:35:19.674785,2025.0,3.0,30.0,22.0,35.0,19.0,19.71375,35.411249999999995,1306.99,1307.94
691,2025-03-30 22:35:34.674736,2025-03-30 22:35:34.674736,2025.0,3.0,30.0,22.0,35.0,34.0,19.69,35.435,1307.94,1307.94
692,2025-03-30 22:35:49.674706,2025-03-30 22:35:49.674706,2025.0,3.0,30.0,22.0,35.0,49.0,19.69,35.435,1307.94,1307.94
693,2025-03-30 22:36:04.674741,2025-03-30 22:36:04.674741,2025.0,3.0,30.0,22.0,36.0,4.0,19.69,35.435,1307.94,1307.94
694,2025-03-30 22:36:19.674713,2025-03-30 22:36:19.674713,2025.0,3.0,30.0,22.0,36.0,19.0,19.71375,35.411249999999995,1306.99,1307.94
695,2025-03-30 22:36:34.674739,2025-03-30 22:36:34.674739,2025.0,3.0,30.0,22.0,36.0,34.0,19.69,35.435,1307.94,1307.94
696,2025-03-30 22:36:49.674354,2025-03-30 22:36:49.674354,2025.0,3.0,30.0,22.0,36.0,49.0,19.69,35.435,1307.94,1306.99
697,2025-03-30 22:37:04.674927,2025-03-30 22:37:04.674927,2025.0,3.0,30.0,22.0,37.0,4.0,19.69,35.435,1307.94,1307.94
698,2025-03-30 22:37:19.674769,2025-03-30 22:37:19.674769,2025.0,3.0,30.0,22.0,37.0,19.0,19.69,35.435,1307.94,1307.94
699,2025-03-30 22:37:34.674734,2025-03-30 22:37:34.674734,2025.0,3.0,30.0,22.0,37.0,34.0,19.69,35.435,1307.94,1307.94
700,2025-03-30 22:37:49.674350,2025-03-30 22:37:49.674350,2025.0,3.0,30.0,22.0,37.0,49.0,19.69,35.435,1307.94,1307.94
701,2025-03-30 22:38:04.674509,2025-03-30 22:38:04.674509,2025.0,3.0,30.0,22.0,38.0,4.0,19.69,35.435,1307.94,1307.94
702,2025-03-30 22:38:19.674393,2025-03-30 22:38:19.674393,2025.0,3.0,30.0,22.0,38.0,19.0,19.69,35.435,1307.94,1307.94
703,2025-03-30 22:38:34.674375,2025-03-30 22:38:34.674375,2025.0,3.0,30.0,22.0,38.0,34.0,19.69,35.435,1307.94,1307.94
704,2025-03-30 22:38:49.674451,2025-03-30 22:38:49.674451,2025.0,3.0,30.0,22.0,38.0,49.0,19.69,35.435,1307.94,1307.94
705,2025-03-30 22:39:04.674881,2025-03-30 22:39:04.674881,2025.0,3.0,30.0,22.0,39.0,4.0,19.71375,35.411249999999995,1306.99,1307.94
706,2025-03-30 22:39:19.674485,2025-03-30 22:39:19.674485,2025.0,3.0,30.0,22.0,39.0,19.0,19.69,35.435,1307.94,1307.94
707,2025-03-30 22:39:34.674472,2025-03-30 22:39:34.674472,2025.0,3.0,30.0,22.0,39.0,34.0,19.69,35.435,1307.94,1307.94
708,2025-03-30 22:39:49.674606,2025-03-30 22:39:49.674606,2025.0,3.0,30.0,22.0,39.0,49.0,19.69,35.435,1307.94,1307.94
709,2025-03-30 22:40:04.674917,2025-03-30 22:40:04.674917,2025.0,3.0,30.0,22.0,40.0,4.0,19.71375,35.411249999999995,1306.99,1307.94
710,2025-03-30 22:40:19.674896,2025-03-30 22:40:19.674896,2025.0,3.0,30.0,22.0,40.0,19.0,19.69,35.435,1307.94,1307.94
711,2025-03-31 08:22:07.826538,2025-03-31 08:22:07.826538,2025.0,3.0,31.0,8.0,22.0,7.0,19.67375,35.45125,1308.59,
712,2025-03-30 22:40:49.674754,2025-03-30 22:40:49.674754,2025.0,3.0,30.0,22.0,40.0,49.0,19.71375,35.411249999999995,1306.99,
713,2025-03-30 22:41:04.675278,2025-03-30 22:41:04.675278,2025.0,3.0,30.0,22.0,41.0,4.0,19.69,35.435,1307.94,
714,2025-03-30 22:41:19.674556,2025-03-30 22:41:19.674556,2025.0,3.0,30.0,22.0,41.0,19.0,19.69,35.435,1307.94,
715,2025-03-30 22:41:34.674734,2025-03-30 22:41:34.674734,2025.0,3.0,30.0,22.0,41.0,34.0,19.69,35.435,1307.94,
716,2025-03-30 22:41:49.674472,2025-03-30 22:41:49.674472,2025.0,3.0,30.0,22.0,41.0,49.0,19.69,35.435,1307.94,
717,2025-03-30 22:42:04.677024,2025-03-30 22:42:04.677024,2025.0,3.0,30.0,22.0,42.0,4.0,19.6325,35.4925,1310.23,
718,2025-03-30 22:42:19.674696,2025-03-30 22:42:19.674696,2025.0,3.0,30.0,22.0,42.0,19.0,19.71375,35.411249999999995,1306.99,
719,2025-03-30 22:42:34.674580,2025-03-30 22:42:34.674580,2025.0,3.0,30.0,22.0,42.0,34.0,19.69,35.435,1307.94,
720,2025-03-30 22:42:49.674708,2025-03-30 22:42:49.674708,2025.0,3.0,30.0,22.0,42.0,49.0,19.69,35.435,1307.94,
721,2025-03-30 22:43:04.675290,2025-03-30 22:43:04.675290,2025.0,3.0,30.0,22.0,43.0,4.0,19.69,35.435,1307.94,
722,2025-03-30 22:43:19.674928,2025-03-30 22:43:19.674928,2025.0,3.0,30.0,22.0,43.0,19.0,19.69,35.435,1307.94,
723,2025-03-30 22:43:34.674906,2025-03-30 22:43:34.674906,2025.0,3.0,30.0,22.0,43.0,34.0,19.69,35.435,1307.94,
724,2025-03-30 22:43:49.676846,2025-03-30 22:43:49.676846,2025.0,3.0,30.0,22.0,43.0,49.0,19.7975,35.3275,1303.66,
725,2025-03-30 22:44:04.674886,2025-03-30 22:44:04.674886,2025.0,3.0,30.0,22.0,44.0,4.0,19.65,35.475,1309.53,
726,2025-03-30 22:44:19.674820,2025-03-30 22:44:19.674820,2025.0,3.0,30.0,22.0,44.0,19.0,19.69,35.435,1307.94,
727,2025-03-30 22:44:34.674886,2025-03-30 22:44:34.674886,2025.0,3.0,30.0,22.0,44.0,34.0,19.69,35.435,1307.94,
728,2025-03-30 22:44:49.674862,2025-03-30 22:44:49.674862,2025.0,3.0,30.0,22.0,44.0,49.0,19.69,35.435,1307.94,
729,2025-03-30 22:45:04.674939,2025-03-30 22:45:04.674939,2025.0,3.0,30.0,22.0,45.0,4.0,19.67,35.455,1308.73,
730,2025-03-30 22:45:19.674579,2025-03-30 22:45:19.674579,2025.0,3.0,30.0,22.0,45.0,19.0,19.69,35.435,1307.94,
731,2025-03-30 22:45:34.675130,2025-03-30 22:45:34.675130,2025.0,3.0,30.0,22.0,45.0,34.0,19.69,35.435,1307.94,
732,2025-03-30 22:45:49.674575,2025-03-30 22:45:49.674575,2025.0,3.0,30.0,22.0,45.0,49.0,19.69,35.435,1307.94,
733,2025-03-30 22:46:04.675019,2025-03-30 22:46:04.675019,2025.0,3.0,30.0,22.0,46.0,4.0,19.69,35.435,1307.94,
734,2025-03-30 22:46:19.674695,2025-03-30 22:46:19.674695,2025.0,3.0,30.0,22.0,46.0,19.0,19.69,35.435,1307.94,
735,2025-03-30 22:46:34.674795,2025-03-30 22:46:34.674795,2025.0,3.0,30.0,22.0,46.0,34.0,19.67,35.455,1308.73,
736,2025-03-30 22:46:49.674720,2025-03-30 22:46:49.674720,2025.0,3.0,30.0,22.0,46.0,49.0,19.69,35.435,1307.94,
737,2025-03-30 22:47:04.674926,2025-03-30 22:47:04.674926,2025.0,3.0,30.0,22.0,47.0,4.0,19.69,35.435,1307.94,
738,2025-03-30 22:47:19.674739,2025-03-30 22:47:19.674739,2025.0,3.0,30.0,22.0,47.0,19.0,19.69,35.435,1307.94,
739,2025-03-30 22:47:34.675039,2025-03-30 22:47:34.675039,2025.0,3.0,30.0,22.0,47.0,34.0,19.69,35.435,1307.94,
740,2025-03-30 22:47:49.674765,2025-03-30 22:47:49.674765,2025.0,3.0,30.0,22.0,47.0,49.0,19.69,35.435,1307.94,
741,2025-03-30 22:48:04.675256,2025-03-30 22:48:04.675256,2025.0,3.0,30.0,22.0,48.0,4.0,19.69,35.435,1307.94,
742,2025-03-30 22:48:19.674798,2025-03-30 22:48:19.674798,2025.0,3.0,30.0,22.0,48.0,19.0,19.69,35.435,1307.94,
743,2025-03-30 22:48:34.674837,2025-03-30 22:48:34.674837,2025.0,3.0,30.0,22.0,48.0,34.0,19.69,35.435,1307.94,
744,2025-03-30 22:48:49.674825,2025-03-30 22:48:49.674825,2025.0,3.0,30.0,22.0,48.0,49.0,19.7375,35.3875,1306.05,
745,2025-03-30 22:49:04.675180,2025-03-30 22:49:04.675180,2025.0,3.0,30.0,22.0,49.0,4.0,19.69,35.435,1307.94,
746,2025-03-30 22:49:19.675238,2025-03-30 22:49:19.675238,2025.0,3.0,30.0,22.0,49.0,19.0,19.69,35.435,1307.94,
747,2025-03-30 22:49:34.674829,2025-03-30 22:49:34.674829,2025.0,3.0,30.0,22.0,49.0,34.0,19.69,35.435,1307.94,
748,2025-03-30 22:49:49.675255,2025-03-30 22:49:49.675255,2025.0,3.0,30.0,22.0,49.0,49.0,19.69,35.435,1307.94,
749,2025-03-30 22:50:04.675197,2025-03-30 22:50:04.675197,2025.0,3.0,30.0,22.0,50.0,4.0,19.69,35.435,1307.94,
750,2025-03-30 22:50:19.675482,2025-03-30 22:50:19.675482,2025.0,3.0,30.0,22.0,50.0,19.0,19.69,35.435,1307.94,
751,2025-03-30 22:50:34.675106,2025-03-30 22:50:34.675106,2025.0,3.0,30.0,22.0,50.0,34.0,19.69,35.435,1307.94,
752,2025-03-30 22:50:49.675105,2025-03-30 22:50:49.675105,2025.0,3.0,30.0,22.0,50.0,49.0,19.69,35.435,1307.94,
753,2025-03-30 22:51:04.675143,2025-03-30 22:51:04.675143,2025.0,3.0,30.0,22.0,51.0,4.0,19.69,35.435,1307.94,
754,2025-03-30 22:51:19.675116,2025-03-30 22:51:19.675116,2025.0,3.0,30.0,22.0,51.0,19.0,19.71375,35.411249999999995,1306.99,
755,2025-03-30 22:51:34.675162,2025-03-30 22:51:34.675162,2025.0,3.0,30.0,22.0,51.0,34.0,19.69,35.435,1307.94,
756,2025-03-30 22:51:49.675299,2025-03-30 22:51:49.675299,2025.0,3.0,30.0,22.0,51.0,49.0,19.69,35.435,1307.94,
757,2025-03-30 22:52:04.675041,2025-03-30 22:52:04.675041,2025.0,3.0,30.0,22.0,52.0,4.0,19.69,35.435,1307.94,
758,2025-03-30 22:52:19.674963,2025-03-30 22:52:19.674963,2025.0,3.0,30.0,22.0,52.0,19.0,19.69,35.435,1307.94,
759,2025-03-30 22:52:34.675070,2025-03-30 22:52:34.675070,2025.0,3.0,30.0,22.0,52.0,34.0,19.69,35.435,1307.94,
760,2025-03-30 22:52:49.675012,2025-03-30 22:52:49.675012,2025.0,3.0,30.0,22.0,52.0,49.0,19.69,35.435,1307.94,
761,2025-03-30 22:53:04.675436,2025-03-30 22:53:04.675436,2025.0,3.0,30.0,22.0,53.0,4.0,19.71375,35.411249999999995,1306.99,
762,2025-03-30 22:53:19.675006,2025-03-30 22:53:19.675006,2025.0,3.0,30.0,22.0,53.0,19.0,19.69,35.435,1307.94,
763,2025-03-30 22:53:34.675024,2025-03-30 22:53:34.675024,2025.0,3.0,30.0,22.0,53.0,34.0,19.69,35.435,1307.94,
764,2025-03-30 22:53:49.675012,2025-03-30 22:53:49.675012,2025.0,3.0,30.0,22.0,53.0,49.0,19.69,35.435,1307.94,
765,2025-03-30 22:54:04.675073,2025-03-30 22:54:04.675073,2025.0,3.0,30.0,22.0,54.0,4.0,19.69,35.435,1307.94,
766,2025-03-30 22:54:19.675045,2025-03-30 22:54:19.675045,2025.0,3.0,30.0,22.0,54.0,19.0,19.71375,35.411249999999995,1306.99,
767,2025-03-30 22:54:34.675271,2025-03-30 22:54:34.675271,2025.0,3.0,30.0,22.0,54.0,34.0,19.69,35.435,1307.94,
768,2025-03-30 22:54:49.675204,2025-03-30 22:54:49.675204,2025.0,3.0,30.0,22.0,54.0,49.0,19.69,35.435,1307.94,
769,2025-03-30 22:55:04.675114,2025-03-30 22:55:04.675114,2025.0,3.0,30.0,22.0,55.0,4.0,19.71375,35.411249999999995,1306.99,
770,2025-03-30 22:55:19.675118,2025-03-30 22:55:19.675118,2025.0,3.0,30.0,22.0,55.0,19.0,19.67,35.455,1308.73,
771,2025-03-30 22:55:34.675167,2025-03-30 22:55:34.675167,2025.0,3.0,30.0,22.0,55.0,34.0,19.69,35.435,1307.94,
772,2025-03-30 22:55:49.675090,2025-03-30 22:55:49.675090,2025.0,3.0,30.0,22.0,55.0,49.0,19.69,35.435,1307.94,
773,2025-03-30 22:56:04.675109,2025-03-30 22:56:04.675109,2025.0,3.0,30.0,22.0,56.0,4.0,19.69,35.435,1307.94,
774,2025-03-30 22:56:19.675333,2025-03-30 22:56:19.675333,2025.0,3.0,30.0,22.0,56.0,19.0,19.69,35.435,1307.94,
775,2025-03-30 22:56:34.675383,2025-03-30 22:56:34.675383,2025.0,3.0,30.0,22.0,56.0,34.0,19.69,35.435,1307.94,
776,2025-03-30 22:56:49.675183,2025-03-30 22:56:49.675183,2025.0,3.0,30.0,22.0,56.0,49.0,19.69,35.435,1307.94,
777,2025-03-30 22:57:04.675251,2025-03-30 22:57:04.675251,2025.0,3.0,30.0,22.0,57.0,4.0,19.69,35.435,1307.94,
778,2025-03-30 22:57:19.677774,2025-03-30 22:57:19.677774,2025.0,3.0,30.0,22.0,57.0,19.0,19.69,35.435,1307.94,
779,2025-03-30 22:57:34.675220,2025-03-30 22:57:34.675220,2025.0,3.0,30.0,22.0,57.0,34.0,19.69,35.435,1307.94,
780,2025-03-30 22:57:49.675510,2025-03-30 22:57:49.675510,2025.0,3.0,30.0,22.0,57.0,49.0,19.69,35.435,1307.94,
781,2025-03-30 22:58:04.675317,2025-03-30 22:58:04.675317,2025.0,3.0,30.0,22.0,58.0,4.0,19.69,35.435,1307.94,
782,2025-03-30 22:58:19.675268,2025-03-30 22:58:19.675268,2025.0,3.0,30.0,22.0,58.0,19.0,19.69,35.435,1307.94,
783,2025-03-30 22:58:34.675728,2025-03-30 22:58:34.675728,2025.0,3.0,30.0,22.0,58.0,34.0,19.69,35.435,1307.94,
784,2025-03-30 22:58:49.675229,2025-03-30 22:58:49.675229,2025.0,3.0,30.0,22.0,58.0,49.0,19.69,35.435,1307.94,
785,2025-03-30 22:59:04.675329,2025-03-30 22:59:04.675329,2025.0,3.0,30.0,22.0,59.0,4.0,19.69,35.435,1307.94,
786,2025-03-30 22:59:19.675632,2025-03-30 22:59:19.675632,2025.0,3.0,30.0,22.0,59.0,19.0,19.69,35.435,1307.94,
787,2025-03-30 22:59:34.675505,2025-03-30 22:59:34.675505,2025.0,3.0,30.0,22.0,59.0,34.0,19.69,35.435,1307.94,
788,2025-03-30 22:59:49.675335,2025-03-30 22:59:49.675335,2025.0,3.0,30.0,22.0,59.0,49.0,19.69,35.435,1307.94,
789,2025-03-30 23:00:04.675804,2025-03-30 23:00:04.675804,2025.0,3.0,30.0,23.0,0.0,4.0,19.69375,35.43125,1307.79,
790,2025-03-30 23:00:19.675641,2025-03-30 23:00:19.675641,2025.0,3.0,30.0,23.0,0.0,19.0,19.69,35.435,1307.94,
791,2025-03-30 23:00:34.675943,2025-03-30 23:00:34.675943,2025.0,3.0,30.0,23.0,0.0,34.0,19.69,35.435,1307.94,
792,2025-03-30 23:00:49.675374,2025-03-30 23:00:49.675374,2025.0,3.0,30.0,23.0,0.0,49.0,19.69,35.435,1307.94,
793,2025-03-30 23:01:04.675818,2025-03-30 23:01:04.675818,2025.0,3.0,30.0,23.0,1.0,4.0,19.69,35.435,1307.94,
794,2025-03-30 23:01:19.675454,2025-03-30 23:01:19.675454,2025.0,3.0,30.0,23.0,1.0,19.0,19.69,35.435,1307.94,
795,2025-03-30 23:01:34.675446,2025-03-30 23:01:34.675446,2025.0,3.0,30.0,23.0,1.0,34.0,19.69,35.435,1307.94,
796,2025-03-30 23:01:49.675555,2025-03-30 23:01:49.675555,2025.0,3.0,30.0,23.0,1.0,49.0,19.71375,35.411249999999995,1306.99,
797,2025-03-30 23:02:04.675661,2025-03-30 23:02:04.675661,2025.0,3.0,30.0,23.0,2.0,4.0,19.69,35.435,1307.94,
798,2025-03-30 23:02:19.675568,2025-03-30 23:02:19.675568,2025.0,3.0,30.0,23.0,2.0,19.0,19.71375,35.411249999999995,1306.99,
799,2025-03-30 23:02:34.675559,2025-03-30 23:02:34.675559,2025.0,3.0,30.0,23.0,2.0,34.0,19.69,35.435,1307.94,
800,2025-03-30 23:02:49.675741,2025-03-30 23:02:49.675741,2025.0,3.0,30.0,23.0,2.0,49.0,19.69,35.435,1307.94,
801,2025-03-30 23:03:04.675829,2025-03-30 23:03:04.675829,2025.0,3.0,30.0,23.0,3.0,4.0,19.69,35.435,1307.94,
802,2025-03-30 23:03:19.676943,2025-03-30 23:03:19.676943,2025.0,3.0,30.0,23.0,3.0,19.0,19.65375,35.47125,1309.38,
803,2025-03-30 23:03:34.675630,2025-03-30 23:03:34.675630,2025.0,3.0,30.0,23.0,3.0,34.0,19.73375,35.39125,1306.2,
804,2025-03-30 23:03:49.675567,2025-03-30 23:03:49.675567,2025.0,3.0,30.0,23.0,3.0,49.0,19.69,35.435,1307.94,
805,2025-03-30 23:04:04.675593,2025-03-30 23:04:04.675593,2025.0,3.0,30.0,23.0,4.0,4.0,19.69,35.435,1307.94,
806,2025-03-30 23:04:19.675552,2025-03-30 23:04:19.675552,2025.0,3.0,30.0,23.0,4.0,19.0,19.69,35.435,1307.94,
807,2025-03-30 23:04:34.675960,2025-03-30 23:04:34.675960,2025.0,3.0,30.0,23.0,4.0,34.0,19.69,35.435,1307.94,
808,2025-03-30 23:04:49.675593,2025-03-30 23:04:49.675593,2025.0,3.0,30.0,23.0,4.0,49.0,19.69,35.435,1307.94,
809,2025-03-30 23:05:04.675569,2025-03-30 23:05:04.675569,2025.0,3.0,30.0,23.0,5.0,4.0,19.69,35.435,1307.94,
810,2025-03-30 23:05:19.675808,2025-03-30 23:05:19.675808,2025.0,3.0,30.0,23.0,5.0,19.0,19.71375,35.411249999999995,1306.99,
811,2025-03-30 23:05:34.675963,2025-03-30 23:05:34.675963,2025.0,3.0,30.0,23.0,5.0,34.0,19.69,35.435,1307.94,
812,2025-03-30 23:05:49.675823,2025-03-30 23:05:49.675823,2025.0,3.0,30.0,23.0,5.0,49.0,19.69,35.435,1307.94,
813,2025-03-30 23:06:04.675980,2025-03-30 23:06:04.675980,2025.0,3.0,30.0,23.0,6.0,4.0,19.69,35.435,1307.94,
814,2025-03-30 23:06:19.675938,2025-03-30 23:06:19.675938,2025.0,3.0,30.0,23.0,6.0,19.0,19.69,35.435,1307.94,
815,2025-03-30 23:06:34.675874,2025-03-30 23:06:34.675874,2025.0,3.0,30.0,23.0,6.0,34.0,19.69,35.435,1307.94,
816,2025-03-30 23:06:49.675832,2025-03-30 23:06:49.675832,2025.0,3.0,30.0,23.0,6.0,49.0,19.69,35.435,1307.94,
817,2025-03-30 23:07:04.676019,2025-03-30 23:07:04.676019,2025.0,3.0,30.0,23.0,7.0,4.0,19.67,35.455,1308.73,
818,2025-03-30 23:07:19.675815,2025-03-30 23:07:19.675815,2025.0,3.0,30.0,23.0,7.0,19.0,19.69,35.435,1307.94,
819,2025-03-30 23:07:34.676009,2025-03-30 23:07:34.676009,2025.0,3.0,30.0,23.0,7.0,34.0,19.69,35.435,1307.94,
820,2025-03-30 23:07:49.675936,2025-03-30 23:07:49.675936,2025.0,3.0,30.0,23.0,7.0,49.0,19.69,35.435,1307.94,
821,2025-03-30 23:08:04.675963,2025-03-30 23:08:04.675963,2025.0,3.0,30.0,23.0,8.0,4.0,19.69,35.435,1307.94,
822,2025-03-30 23:08:19.676046,2025-03-30 23:08:19.676046,2025.0,3.0,30.0,23.0,8.0,19.0,19.69,35.435,1307.94,
823,2025-03-30 23:08:34.676232,2025-03-30 23:08:34.676232,2025.0,3.0,30.0,23.0,8.0,34.0,19.69,35.435,1307.94,
824,2025-03-30 23:08:49.675872,2025-03-30 23:08:49.675872,2025.0,3.0,30.0,23.0,8.0,49.0,19.69,35.435,1307.94,
825,2025-03-30 23:09:04.676049,2025-03-30 23:09:04.676049,2025.0,3.0,30.0,23.0,9.0,4.0,19.69,35.435,1307.94,
826,2025-03-30 23:09:19.676004,2025-03-30 23:09:19.676004,2025.0,3.0,30.0,23.0,9.0,19.0,19.69,35.435,1307.94,
827,2025-03-30 23:09:34.676060,2025-03-30 23:09:34.676060,2025.0,3.0,30.0,23.0,9.0,34.0,19.69,35.435,1307.94,
828,2025-03-30 23:09:49.675908,2025-03-30 23:09:49.675908,2025.0,3.0,30.0,23.0,9.0,49.0,19.69,35.435,1307.94,
829,2025-03-30 23:10:04.675937,2025-03-30 23:10:04.675937,2025.0,3.0,30.0,23.0,10.0,4.0,19.7375,35.3875,1306.05,
830,2025-03-30 23:10:19.676040,2025-03-30 23:10:19.676040,2025.0,3.0,30.0,23.0,10.0,19.0,19.71375,35.411249999999995,1306.99,
831,2025-03-30 23:10:34.676277,2025-03-30 23:10:34.676277,2025.0,3.0,30.0,23.0,10.0,34.0,19.67,35.455,1308.73,
832,2025-03-30 23:10:49.676172,2025-03-30 23:10:49.676172,2025.0,3.0,30.0,23.0,10.0,49.0,19.69,35.435,1307.94,
833,2025-03-30 23:11:04.676048,2025-03-30 23:11:04.676048,2025.0,3.0,30.0,23.0,11.0,4.0,19.69,35.435,1307.94,
834,2025-03-30 23:11:19.676121,2025-03-30 23:11:19.676121,2025.0,3.0,30.0,23.0,11.0,19.0,19.71375,35.411249999999995,1306.99,
835,2025-03-30 23:11:34.676019,2025-03-30 23:11:34.676019,2025.0,3.0,30.0,23.0,11.0,34.0,19.69,35.435,1307.94,
836,2025-03-30 23:11:49.676077,2025-03-30 23:11:49.676077,2025.0,3.0,30.0,23.0,11.0,49.0,19.69,35.435,1307.94,
837,2025-03-30 23:12:04.676129,2025-03-30 23:12:04.676129,2025.0,3.0,30.0,23.0,12.0,4.0,19.69,35.435,1307.94,
838,2025-03-30 23:12:19.676000,2025-03-30 23:12:19.676000,2025.0,3.0,30.0,23.0,12.0,19.0,19.69,35.435,1307.94,
839,2025-03-30 23:12:34.676272,2025-03-30 23:12:34.676272,2025.0,3.0,30.0,23.0,12.0,34.0,19.69,35.435,1307.94,
840,2025-03-30 23:12:49.676043,2025-03-30 23:12:49.676043,2025.0,3.0,30.0,23.0,12.0,49.0,19.69,35.435,1307.94,
841,2025-03-30 23:13:04.676296,2025-03-30 23:13:04.676296,2025.0,3.0,30.0,23.0,13.0,4.0,19.69,35.435,1307.94,
842,2025-03-30 23:13:19.676100,2025-03-30 23:13:19.676100,2025.0,3.0,30.0,23.0,13.0,19.0,19.69,35.435,1307.94,
843,2025-03-30 23:13:34.676228,2025-03-30 23:13:34.676228,2025.0,3.0,30.0,23.0,13.0,34.0,19.69,35.435,1307.94,
844,2025-03-30 23:13:49.676080,2025-03-30 23:13:49.676080,2025.0,3.0,30.0,23.0,13.0,49.0,19.69,35.435,1307.94,
845,2025-03-30 23:14:04.676184,2025-03-30 23:14:04.676184,2025.0,3.0,30.0,23.0,14.0,4.0,19.69,35.435,1307.94,
846,2025-03-30 23:14:19.676295,2025-03-30 23:14:19.676295,2025.0,3.0,30.0,23.0,14.0,19.0,19.69,35.435,1307.94,
847,2025-03-30 23:14:34.676281,2025-03-30 23:14:34.676281,2025.0,3.0,30.0,23.0,14.0,34.0,19.69,35.435,1307.94,
848,2025-03-30 23:14:49.676269,2025-03-30 23:14:49.676269,2025.0,3.0,30.0,23.0,14.0,49.0,19.69,35.435,1307.94,
849,2025-03-30 23:15:04.676144,2025-03-30 23:15:04.676144,2025.0,3.0,30.0,23.0,15.0,4.0,19.69,35.435,1307.94,
850,2025-03-30 23:15:19.676286,2025-03-30 23:15:19.676286,2025.0,3.0,30.0,23.0,15.0,19.0,19.69,35.435,1307.94,
851,2025-03-30 23:15:34.676125,2025-03-30 23:15:34.676125,2025.0,3.0,30.0,23.0,15.0,34.0,19.69,35.435,1307.94,
852,2025-03-30 23:15:49.676162,2025-03-30 23:15:49.676162,2025.0,3.0,30.0,23.0,15.0,49.0,19.69,35.435,1307.94,
853,2025-03-30 23:16:04.676161,2025-03-30 23:16:04.676161,2025.0,3.0,30.0,23.0,16.0,4.0,19.69,35.435,1307.94,
854,2025-03-30 23:16:19.676142,2025-03-30 23:16:19.676142,2025.0,3.0,30.0,23.0,16.0,19.0,19.69,35.435,1307.94,
855,2025-03-30 23:16:34.676086,2025-03-30 23:16:34.676086,2025.0,3.0,30.0,23.0,16.0,34.0,19.69,35.435,1307.94,
856,2025-03-30 23:16:49.676286,2025-03-30 23:16:49.676286,2025.0,3.0,30.0,23.0,16.0,49.0,19.69,35.435,1307.94,
857,2025-03-30 23:17:04.676235,2025-03-30 23:17:04.676235,2025.0,3.0,30.0,23.0,17.0,4.0,19.69,35.435,1307.94,
858,2025-03-30 23:17:19.676278,2025-03-30 23:17:19.676278,2025.0,3.0,30.0,23.0,17.0,19.0,19.69,35.435,1307.94,
859,2025-03-30 23:17:34.676201,2025-03-30 23:17:34.676201,2025.0,3.0,30.0,23.0,17.0,34.0,19.69,35.435,1307.94,
860,2025-03-30 23:17:49.676339,2025-03-30 23:17:49.676339,2025.0,3.0,30.0,23.0,17.0,49.0,19.71375,35.411249999999995,1306.99,
861,2025-03-30 23:18:04.676419,2025-03-30 23:18:04.676419,2025.0,3.0,30.0,23.0,18.0,4.0,19.69,35.435,1307.94,
862,2025-03-30 23:18:19.676420,2025-03-30 23:18:19.676420,2025.0,3.0,30.0,23.0,18.0,19.0,19.69,35.435,1307.94,
863,2025-03-30 23:18:34.676906,2025-03-30 23:18:34.676906,2025.0,3.0,30.0,23.0,18.0,34.0,19.69,35.435,1307.94,
864,2025-03-30 23:18:49.676569,2025-03-30 23:18:49.676569,2025.0,3.0,30.0,23.0,18.0,49.0,19.69,35.435,1307.94,
865,2025-03-30 23:19:04.676382,2025-03-30 23:19:04.676382,2025.0,3.0,30.0,23.0,19.0,4.0,19.69,35.435,1307.94,
866,2025-03-30 23:19:19.676349,2025-03-30 23:19:19.676349,2025.0,3.0,30.0,23.0,19.0,19.0,19.69,35.435,1307.94,
867,2025-03-30 23:19:34.676299,2025-03-30 23:19:34.676299,2025.0,3.0,30.0,23.0,19.0,34.0,19.69,35.435,1307.94,
868,2025-03-30 23:19:49.676357,2025-03-30 23:19:49.676357,2025.0,3.0,30.0,23.0,19.0,49.0,19.69,35.435,1307.94,
869,2025-03-30 23:20:04.676339,2025-03-30 23:20:04.676339,2025.0,3.0,30.0,23.0,20.0,4.0,19.69,35.435,1307.94,
870,2025-03-30 23:20:19.676587,2025-03-30 23:20:19.676587,2025.0,3.0,30.0,23.0,20.0,19.0,19.69,35.435,1307.94,
871,2025-03-30 23:20:34.676472,2025-03-30 23:20:34.676472,2025.0,3.0,30.0,23.0,20.0,34.0,19.69,35.435,1307.94,
872,2025-03-30 23:20:49.676505,2025-03-30 23:20:49.676505,2025.0,3.0,30.0,23.0,20.0,49.0,19.69,35.435,1307.94,
873,2025-03-30 23:21:04.676537,2025-03-30 23:21:04.676537,2025.0,3.0,30.0,23.0,21.0,4.0,19.69,35.435,1307.94,
874,2025-03-30 23:21:19.676657,2025-03-30 23:21:19.676657,2025.0,3.0,30.0,23.0,21.0,19.0,19.69,35.435,1307.94,
875,2025-03-30 23:21:34.676526,2025-03-30 23:21:34.676526,2025.0,3.0,30.0,23.0,21.0,34.0,19.69,35.435,1307.94,
876,2025-03-30 23:21:49.676135,2025-03-30 23:21:49.676135,2025.0,3.0,30.0,23.0,21.0,49.0,19.69,35.435,1307.94,
877,2025-03-30 23:22:04.676589,2025-03-30 23:22:04.676589,2025.0,3.0,30.0,23.0,22.0,4.0,19.69,35.435,1307.94,
878,2025-03-30 23:22:19.676558,2025-03-30 23:22:19.676558,2025.0,3.0,30.0,23.0,22.0,19.0,19.69,35.435,1307.94,
879,2025-03-30 23:22:34.676861,2025-03-30 23:22:34.676861,2025.0,3.0,30.0,23.0,22.0,34.0,19.69,35.435,1307.94,
880,2025-03-30 23:22:49.676199,2025-03-30 23:22:49.676199,2025.0,3.0,30.0,23.0,22.0,49.0,19.69,35.435,1307.94,
881,2025-03-30 23:23:04.676266,2025-03-30 23:23:04.676266,2025.0,3.0,30.0,23.0,23.0,4.0,19.69,35.435,1307.94,
882,2025-03-30 23:23:19.676257,2025-03-30 23:23:19.676257,2025.0,3.0,30.0,23.0,23.0,19.0,19.69,35.435,1307.94,
883,2025-03-30 23:23:34.676383,2025-03-30 23:23:34.676383,2025.0,3.0,30.0,23.0,23.0,34.0,19.69,35.435,1307.94,
884,2025-03-30 23:23:49.676208,2025-03-30 23:23:49.676208,2025.0,3.0,30.0,23.0,23.0,49.0,19.69,35.435,1307.94,
885,2025-03-30 23:24:04.676313,2025-03-30 23:24:04.676313,2025.0,3.0,30.0,23.0,24.0,4.0,19.69,35.435,1307.94,
886,2025-03-30 23:24:19.676393,2025-03-30 23:24:19.676393,2025.0,3.0,30.0,23.0,24.0,19.0,19.69,35.435,1307.94,
887,2025-03-30 23:24:34.676440,2025-03-30 23:24:34.676440,2025.0,3.0,30.0,23.0,24.0,34.0,19.69,35.435,1307.94,
888,2025-03-30 23:24:49.676413,2025-03-30 23:24:49.676413,2025.0,3.0,30.0,23.0,24.0,49.0,19.69,35.435,1307.94,
889,2025-03-30 23:25:04.676429,2025-03-30 23:25:04.676429,2025.0,3.0,30.0,23.0,25.0,4.0,19.69,35.435,1307.94,
890,2025-03-30 23:25:19.676315,2025-03-30 23:25:19.676315,2025.0,3.0,30.0,23.0,25.0,19.0,19.69,35.435,1307.94,
891,2025-03-30 23:25:34.676273,2025-03-30 23:25:34.676273,2025.0,3.0,30.0,23.0,25.0,34.0,19.69,35.435,1307.94,
892,2025-03-30 23:25:49.676314,2025-03-30 23:25:49.676314,2025.0,3.0,30.0,23.0,25.0,49.0,19.69,35.435,1307.94,
893,2025-03-30 23:26:04.676155,2025-03-30 23:26:04.676155,2025.0,3.0,30.0,23.0,26.0,4.0,19.69,35.435,1307.94,
894,2025-03-30 23:26:19.677498,2025-03-30 23:26:19.677498,2025.0,3.0,30.0,23.0,26.0,19.0,19.69,35.435,1307.94,
895,2025-03-30 23:26:34.677286,2025-03-30 23:26:34.677286,2025.0,3.0,30.0,23.0,26.0,34.0,19.71375,35.411249999999995,1306.99,
896,2025-03-30 23:26:49.676236,2025-03-30 23:26:49.676236,2025.0,3.0,30.0,23.0,26.0,49.0,19.69,35.435,1307.94,
897,2025-03-30 23:27:04.676342,2025-03-30 23:27:04.676342,2025.0,3.0,30.0,23.0,27.0,4.0,19.69,35.435,1307.94,
898,2025-03-30 23:27:19.676715,2025-03-30 23:27:19.676715,2025.0,3.0,30.0,23.0,27.0,19.0,19.69,35.435,1307.94,
899,2025-03-30 23:27:34.676474,2025-03-30 23:27:34.676474,2025.0,3.0,30.0,23.0,27.0,34.0,19.69,35.435,1307.94,
900,2025-03-30 23:27:49.676569,2025-03-30 23:27:49.676569,2025.0,3.0,30.0,23.0,27.0,49.0,19.69,35.435,1307.94,
901,2025-03-30 23:28:04.676591,2025-03-30 23:28:04.676591,2025.0,3.0,30.0,23.0,28.0,4.0,19.69,35.435,1307.94,
902,2025-03-30 23:28:19.676686,2025-03-30 23:28:19.676686,2025.0,3.0,30.0,23.0,28.0,19.0,19.67375,35.45125,1308.59,
903,2025-03-30 23:28:34.676647,2025-03-30 23:28:34.676647,2025.0,3.0,30.0,23.0,28.0,34.0,19.69,35.435,1307.94,
904,2025-03-30 23:28:49.676757,2025-03-30 23:28:49.676757,2025.0,3.0,30.0,23.0,28.0,49.0,19.69,35.435,1307.94,
905,2025-03-30 23:29:04.676695,2025-03-30 23:29:04.676695,2025.0,3.0,30.0,23.0,29.0,4.0,19.69,35.435,1307.94,
906,2025-03-30 23:29:19.676718,2025-03-30 23:29:19.676718,2025.0,3.0,30.0,23.0,29.0,19.0,19.69,35.435,1307.94,
907,2025-03-30 23:29:34.676594,2025-03-30 23:29:34.676594,2025.0,3.0,30.0,23.0,29.0,34.0,19.69,35.435,1307.94,
908,2025-03-30 23:29:49.676659,2025-03-30 23:29:49.676659,2025.0,3.0,30.0,23.0,29.0,49.0,19.69,35.435,1307.94,
909,2025-03-30 23:30:04.676768,2025-03-30 23:30:04.676768,2025.0,3.0,30.0,23.0,30.0,4.0,19.71375,35.411249999999995,1306.99,
910,2025-03-30 23:30:19.676802,2025-03-30 23:30:19.676802,2025.0,3.0,30.0,23.0,30.0,19.0,19.69,35.435,1307.94,
911,2025-03-30 23:30:34.676793,2025-03-30 23:30:34.676793,2025.0,3.0,30.0,23.0,30.0,34.0,19.69,35.435,1307.94,
912,2025-03-30 23:30:49.676689,2025-03-30 23:30:49.676689,2025.0,3.0,30.0,23.0,30.0,49.0,19.71375,35.411249999999995,1306.99,
913,2025-03-30 23:31:04.676973,2025-03-30 23:31:04.676973,2025.0,3.0,30.0,23.0,31.0,4.0,19.69,35.435,1307.94,
914,2025-03-30 23:31:19.676758,2025-03-30 23:31:19.676758,2025.0,3.0,30.0,23.0,31.0,19.0,19.69,35.435,1307.94,
915,2025-03-30 23:31:34.676572,2025-03-30 23:31:34.676572,2025.0,3.0,30.0,23.0,31.0,34.0,19.73375,35.39125,1306.2,
916,2025-03-30 23:31:49.678023,2025-03-30 23:31:49.678023,2025.0,3.0,30.0,23.0,31.0,49.0,19.472500000000004,35.6525,1316.59,
917,2025-03-30 23:32:04.677120,2025-03-30 23:32:04.677120,2025.0,3.0,30.0,23.0,32.0,4.0,19.84625,35.27875,1301.72,
918,2025-03-30 23:32:19.677760,2025-03-30 23:32:19.677760,2025.0,3.0,30.0,23.0,32.0,19.0,19.61,35.515,1311.12,
919,2025-03-30 23:32:34.676521,2025-03-30 23:32:34.676521,2025.0,3.0,30.0,23.0,32.0,34.0,19.73375,35.39125,1306.2,
920,2025-03-30 23:32:49.676903,2025-03-30 23:32:49.676903,2025.0,3.0,30.0,23.0,32.0,49.0,19.69,35.435,1307.94,
921,2025-03-30 23:33:04.677061,2025-03-30 23:33:04.677061,2025.0,3.0,30.0,23.0,33.0,4.0,19.69,35.435,1307.94,
922,2025-03-30 23:33:19.677040,2025-03-30 23:33:19.677040,2025.0,3.0,30.0,23.0,33.0,19.0,19.69,35.435,1307.94,
923,2025-03-30 23:33:34.677439,2025-03-30 23:33:34.677439,2025.0,3.0,30.0,23.0,33.0,34.0,19.69,35.435,1307.94,
924,2025-03-30 23:33:49.676732,2025-03-30 23:33:49.676732,2025.0,3.0,30.0,23.0,33.0,49.0,19.69,35.435,1307.94,
925,2025-03-30 23:34:04.676503,2025-03-30 23:34:04.676503,2025.0,3.0,30.0,23.0,34.0,4.0,19.69,35.435,1307.94,
926,2025-03-30 23:34:19.677061,2025-03-30 23:34:19.677061,2025.0,3.0,30.0,23.0,34.0,19.0,19.69,35.435,1307.94,
927,2025-03-30 23:34:34.676976,2025-03-30 23:34:34.676976,2025.0,3.0,30.0,23.0,34.0,34.0,19.69,35.435,1307.94,
928,2025-03-30 23:34:49.676735,2025-03-30 23:34:49.676735,2025.0,3.0,30.0,23.0,34.0,49.0,19.69,35.435,1307.94,
929,2025-03-30 23:35:04.677076,2025-03-30 23:35:04.677076,2025.0,3.0,30.0,23.0,35.0,4.0,19.69,35.435,1307.94,
930,2025-03-30 23:35:19.676561,2025-03-30 23:35:19.676561,2025.0,3.0,30.0,23.0,35.0,19.0,19.69,35.435,1307.94,
931,2025-03-30 23:35:34.676913,2025-03-30 23:35:34.676913,2025.0,3.0,30.0,23.0,35.0,34.0,19.69,35.435,1307.94,
932,2025-03-30 23:35:49.676986,2025-03-30 23:35:49.676986,2025.0,3.0,30.0,23.0,35.0,49.0,19.69,35.435,1307.94,
933,2025-03-30 23:36:04.677091,2025-03-30 23:36:04.677091,2025.0,3.0,30.0,23.0,36.0,4.0,19.69,35.435,1307.94,
934,2025-03-30 23:36:19.677008,2025-03-30 23:36:19.677008,2025.0,3.0,30.0,23.0,36.0,19.0,19.69,35.435,1307.94,
935,2025-03-30 23:36:34.677028,2025-03-30 23:36:34.677028,2025.0,3.0,30.0,23.0,36.0,34.0,19.69,35.435,1307.94,
936,2025-03-30 23:36:49.677007,2025-03-30 23:36:49.677007,2025.0,3.0,30.0,23.0,36.0,49.0,19.69,35.435,1307.94,
937,2025-03-30 23:37:04.677073,2025-03-30 23:37:04.677073,2025.0,3.0,30.0,23.0,37.0,4.0,19.69,35.435,1307.94,
938,2025-03-30 23:37:19.676982,2025-03-30 23:37:19.676982,2025.0,3.0,30.0,23.0,37.0,19.0,19.71375,35.411249999999995,1306.99,
939,2025-03-30 23:37:34.677431,2025-03-30 23:37:34.677431,2025.0,3.0,30.0,23.0,37.0,34.0,19.65,35.475,1309.53,
940,2025-03-30 23:37:49.677124,2025-03-30 23:37:49.677124,2025.0,3.0,30.0,23.0,37.0,49.0,19.69,35.435,1307.94,
941,2025-03-30 23:38:04.677734,2025-03-30 23:38:04.677734,2025.0,3.0,30.0,23.0,38.0,4.0,19.69,35.435,1307.94,
942,2025-03-30 23:38:19.677896,2025-03-30 23:38:19.677896,2025.0,3.0,30.0,23.0,38.0,19.0,19.7175,35.4075,1306.84,
943,2025-03-30 23:38:34.676760,2025-03-30 23:38:34.676760,2025.0,3.0,30.0,23.0,38.0,34.0,19.69,35.435,1307.94,
944,2025-03-30 23:38:49.676811,2025-03-30 23:38:49.676811,2025.0,3.0,30.0,23.0,38.0,49.0,19.69,35.435,1307.94,
945,2025-03-30 23:39:04.676795,2025-03-30 23:39:04.676795,2025.0,3.0,30.0,23.0,39.0,4.0,19.69,35.435,1307.94,
946,2025-03-30 23:39:19.676713,2025-03-30 23:39:19.676713,2025.0,3.0,30.0,23.0,39.0,19.0,19.69,35.435,1307.94,
947,2025-03-30 23:39:34.676670,2025-03-30 23:39:34.676670,2025.0,3.0,30.0,23.0,39.0,34.0,19.69,35.435,1307.94,
948,2025-03-30 23:39:49.676811,2025-03-30 23:39:49.676811,2025.0,3.0,30.0,23.0,39.0,49.0,19.69,35.435,1307.94,
949,2025-03-30 23:40:04.676770,2025-03-30 23:40:04.676770,2025.0,3.0,30.0,23.0,40.0,4.0,19.69,35.435,1307.94,
950,2025-03-30 23:40:19.676818,2025-03-30 23:40:19.676818,2025.0,3.0,30.0,23.0,40.0,19.0,19.69,35.435,1307.94,
951,2025-03-30 23:40:34.676772,2025-03-30 23:40:34.676772,2025.0,3.0,30.0,23.0,40.0,34.0,19.69,35.435,1307.94,
952,2025-03-30 23:40:49.676753,2025-03-30 23:40:49.676753,2025.0,3.0,30.0,23.0,40.0,49.0,19.69,35.435,1307.94,
953,2025-03-30 23:41:04.676759,2025-03-30 23:41:04.676759,2025.0,3.0,30.0,23.0,41.0,4.0,19.69,35.435,1307.94,
954,2025-03-30 23:41:19.677791,2025-03-30 23:41:19.677791,2025.0,3.0,30.0,23.0,41.0,19.0,19.71375,35.411249999999995,1306.99,
955,2025-03-30 23:41:34.677044,2025-03-30 23:41:34.677044,2025.0,3.0,30.0,23.0,41.0,34.0,19.69,35.435,1307.94,
956,2025-03-30 23:41:49.677510,2025-03-30 23:41:49.677510,2025.0,3.0,30.0,23.0,41.0,49.0,19.69,35.435,1307.94,
957,2025-03-30 23:42:04.677089,2025-03-30 23:42:04.677089,2025.0,3.0,30.0,23.0,42.0,4.0,19.69,35.435,1307.94,
958,2025-03-30 23:42:19.676915,2025-03-30 23:42:19.676915,2025.0,3.0,30.0,23.0,42.0,19.0,19.69,35.435,1307.94,
959,2025-03-30 23:42:34.676835,2025-03-30 23:42:34.676835,2025.0,3.0,30.0,23.0,42.0,34.0,19.69,35.435,1307.94,
960,2025-03-30 23:42:49.676779,2025-03-30 23:42:49.676779,2025.0,3.0,30.0,23.0,42.0,49.0,19.69,35.435,1307.94,
961,2025-03-30 23:43:04.677091,2025-03-30 23:43:04.677091,2025.0,3.0,30.0,23.0,43.0,4.0,19.69,35.435,1307.94,
962,2025-03-30 23:43:19.676806,2025-03-30 23:43:19.676806,2025.0,3.0,30.0,23.0,43.0,19.0,19.67,35.455,1308.73,
963,2025-03-30 23:43:34.676852,2025-03-30 23:43:34.676852,2025.0,3.0,30.0,23.0,43.0,34.0,19.69,35.435,1307.94,
964,2025-03-30 23:43:49.677010,2025-03-30 23:43:49.677010,2025.0,3.0,30.0,23.0,43.0,49.0,19.67,35.455,1308.73,
965,2025-03-30 23:44:04.677223,2025-03-30 23:44:04.677223,2025.0,3.0,30.0,23.0,44.0,4.0,19.69,35.435,1307.94,
966,2025-03-30 23:44:19.677174,2025-03-30 23:44:19.677174,2025.0,3.0,30.0,23.0,44.0,19.0,19.71375,35.411249999999995,1306.99,
967,2025-03-30 23:44:34.677686,2025-03-30 23:44:34.677686,2025.0,3.0,30.0,23.0,44.0,34.0,19.69,35.435,1307.94,
968,2025-03-30 23:44:49.678207,2025-03-30 23:44:49.678207,2025.0,3.0,30.0,23.0,44.0,49.0,19.69,35.435,1307.94,
969,2025-03-30 23:45:04.678375,2025-03-30 23:45:04.678375,2025.0,3.0,30.0,23.0,45.0,4.0,19.69,35.435,1307.94,
970,2025-03-30 23:45:19.677141,2025-03-30 23:45:19.677141,2025.0,3.0,30.0,23.0,45.0,19.0,19.69,35.435,1307.94,
971,2025-03-30 23:45:34.677919,2025-03-30 23:45:34.677919,2025.0,3.0,30.0,23.0,45.0,34.0,19.67,35.455,1308.73,
972,2025-03-30 23:45:49.677809,2025-03-30 23:45:49.677809,2025.0,3.0,30.0,23.0,45.0,49.0,19.69,35.435,1307.94,
973,2025-03-30 23:46:04.677334,2025-03-30 23:46:04.677334,2025.0,3.0,30.0,23.0,46.0,4.0,19.69,35.435,1307.94,
974,2025-03-30 23:46:19.677215,2025-03-30 23:46:19.677215,2025.0,3.0,30.0,23.0,46.0,19.0,19.69,35.435,1307.94,
975,2025-03-30 23:46:34.678068,2025-03-30 23:46:34.678068,2025.0,3.0,30.0,23.0,46.0,34.0,19.69,35.435,1307.94,
976,2025-03-30 23:46:49.677655,2025-03-30 23:46:49.677655,2025.0,3.0,30.0,23.0,46.0,49.0,19.69,35.435,1307.94,
977,2025-03-30 23:47:04.677190,2025-03-30 23:47:04.677190,2025.0,3.0,30.0,23.0,47.0,4.0,19.69,35.435,1307.94,
978,2025-03-30 23:47:19.677509,2025-03-30 23:47:19.677509,2025.0,3.0,30.0,23.0,47.0,19.0,19.69,35.435,1307.94,
979,2025-03-30 23:47:34.677428,2025-03-30 23:47:34.677428,2025.0,3.0,30.0,23.0,47.0,34.0,19.69,35.435,1307.94,
980,2025-03-30 23:47:49.677560,2025-03-30 23:47:49.677560,2025.0,3.0,30.0,23.0,47.0,49.0,19.69,35.435,1307.94,
981,2025-03-30 23:48:04.677586,2025-03-30 23:48:04.677586,2025.0,3.0,30.0,23.0,48.0,4.0,19.69,35.435,1307.94,
982,2025-03-30 23:48:19.677392,2025-03-30 23:48:19.677392,2025.0,3.0,30.0,23.0,48.0,19.0,19.69,35.435,1307.94,
983,2025-03-30 23:48:34.677528,2025-03-30 23:48:34.677528,2025.0,3.0,30.0,23.0,48.0,34.0,19.67,35.455,1308.73,
984,2025-03-30 23:48:49.677615,2025-03-30 23:48:49.677615,2025.0,3.0,30.0,23.0,48.0,49.0,19.69,35.435,1307.94,
985,2025-03-30 23:49:04.677259,2025-03-30 23:49:04.677259,2025.0,3.0,30.0,23.0,49.0,4.0,19.69,35.435,1307.94,
986,2025-03-30 23:49:19.677957,2025-03-30 23:49:19.677957,2025.0,3.0,30.0,23.0,49.0,19.0,19.69,35.435,1307.94,
987,2025-03-30 23:49:34.677432,2025-03-30 23:49:34.677432,2025.0,3.0,30.0,23.0,49.0,34.0,19.69,35.435,1307.94,
988,2025-03-30 23:49:49.677735,2025-03-30 23:49:49.677735,2025.0,3.0,30.0,23.0,49.0,49.0,19.69,35.435,1307.94,
989,2025-03-30 23:50:04.677610,2025-03-30 23:50:04.677610,2025.0,3.0,30.0,23.0,50.0,4.0,19.71375,35.411249999999995,1306.99,
990,2025-03-30 23:50:19.677737,2025-03-30 23:50:19.677737,2025.0,3.0,30.0,23.0,50.0,19.0,19.69,35.435,1307.94,
991,2025-03-30 23:50:34.677692,2025-03-30 23:50:34.677692,2025.0,3.0,30.0,23.0,50.0,34.0,19.69,35.435,1307.94,
992,2025-03-30 23:50:49.677651,2025-03-30 23:50:49.677651,2025.0,3.0,30.0,23.0,50.0,49.0,19.69,35.435,1307.94,
993,2025-03-30 23:51:04.677306,2025-03-30 23:51:04.677306,2025.0,3.0,30.0,23.0,51.0,4.0,19.69,35.435,1307.94,
994,2025-03-30 23:51:19.677630,2025-03-30 23:51:19.677630,2025.0,3.0,30.0,23.0,51.0,19.0,19.69,35.435,1307.94,
995,2025-03-30 23:51:34.677618,2025-03-30 23:51:34.677618,2025.0,3.0,30.0,23.0,51.0,34.0,19.69,35.435,1307.94,
996,2025-03-30 23:51:49.678244,2025-03-30 23:51:49.678244,2025.0,3.0,30.0,23.0,51.0,49.0,19.69,35.435,1307.94,
997,2025-03-30 23:52:04.677671,2025-03-30 23:52:04.677671,2025.0,3.0,30.0,23.0,52.0,4.0,19.69,35.435,1307.94,
998,2025-03-30 23:52:19.677729,2025-03-30 23:52:19.677729,2025.0,3.0,30.0,23.0,52.0,19.0,19.69,35.435,1307.94,
999,2025-03-30 23:52:34.678049,2025-03-30 23:52:34.678049,2025.0,3.0,30.0,23.0,52.0,34.0,19.69,35.435,1307.94,
1000,2025-03-30 23:52:49.677749,2025-03-30 23:52:49.677749,2025.0,3.0,30.0,23.0,52.0,49.0,19.69,35.435,1307.94,
1001,2025-03-30 23:53:04.679942,2025-03-30 23:53:04.679942,2025.0,3.0,30.0,23.0,53.0,4.0,19.69,35.435,1307.94,
1002,2025-03-30 23:53:19.677746,2025-03-30 23:53:19.677746,2025.0,3.0,30.0,23.0,53.0,19.0,19.69,35.435,1307.94,
1003,2025-03-30 23:53:34.677856,2025-03-30 23:53:34.677856,2025.0,3.0,30.0,23.0,53.0,34.0,19.69,35.435,1307.94,
1004,2025-03-30 23:53:49.677657,2025-03-30 23:53:49.677657,2025.0,3.0,30.0,23.0,53.0,49.0,19.69,35.435,1307.94,
1005,2025-03-30 23:54:04.678667,2025-03-30 23:54:04.678667,2025.0,3.0,30.0,23.0,54.0,4.0,19.69,35.435,1307.94,
1006,2025-03-30 23:54:19.677883,2025-03-30 23:54:19.677883,2025.0,3.0,30.0,23.0,54.0,19.0,19.69,35.435,1307.94,
1007,2025-03-30 23:54:34.677847,2025-03-30 23:54:34.677847,2025.0,3.0,30.0,23.0,54.0,34.0,19.69,35.435,1307.94,
1008,2025-03-30 23:54:49.677784,2025-03-30 23:54:49.677784,2025.0,3.0,30.0,23.0,54.0,49.0,19.69,35.435,1307.94,
1009,2025-03-30 23:55:04.677807,2025-03-30 23:55:04.677807,2025.0,3.0,30.0,23.0,55.0,4.0,19.69,35.435,1307.94,
1010,2025-03-30 23:55:19.678065,2025-03-30 23:55:19.678065,2025.0,3.0,30.0,23.0,55.0,19.0,19.69,35.435,1307.94,
1011,2025-03-30 23:55:34.677579,2025-03-30 23:55:34.677579,2025.0,3.0,30.0,23.0,55.0,34.0,19.69,35.435,1307.94,
1012,2025-03-30 23:55:49.677614,2025-03-30 23:55:49.677614,2025.0,3.0,30.0,23.0,55.0,49.0,19.69,35.435,1307.94,
1013,2025-03-30 23:56:04.677645,2025-03-30 23:56:04.677645,2025.0,3.0,30.0,23.0,56.0,4.0,19.69,35.435,1307.94,
1014,2025-03-30 23:56:19.677732,2025-03-30 23:56:19.677732,2025.0,3.0,30.0,23.0,56.0,19.0,19.71375,35.411249999999995,1306.99,
1015,2025-03-30 23:56:34.677763,2025-03-30 23:56:34.677763,2025.0,3.0,30.0,23.0,56.0,34.0,19.69,35.435,1307.94,
1016,2025-03-30 23:56:49.677522,2025-03-30 23:56:49.677522,2025.0,3.0,30.0,23.0,56.0,49.0,19.69,35.435,1307.94,
1017,2025-03-30 23:57:04.677884,2025-03-30 23:57:04.677884,2025.0,3.0,30.0,23.0,57.0,4.0,19.69,35.435,1307.94,
1018,2025-03-30 23:57:19.677527,2025-03-30 23:57:19.677527,2025.0,3.0,30.0,23.0,57.0,19.0,19.69,35.435,1307.94,
1019,2025-03-30 23:57:34.677782,2025-03-30 23:57:34.677782,2025.0,3.0,30.0,23.0,57.0,34.0,19.69,35.435,1307.94,
1020,2025-03-30 23:57:49.678499,2025-03-30 23:57:49.678499,2025.0,3.0,30.0,23.0,57.0,49.0,19.69,35.435,1307.94,
1021,2025-03-30 23:58:04.678031,2025-03-30 23:58:04.678031,2025.0,3.0,30.0,23.0,58.0,4.0,19.69,35.435,1307.94,
1022,2025-03-30 23:58:19.677816,2025-03-30 23:58:19.677816,2025.0,3.0,30.0,23.0,58.0,19.0,19.69,35.435,1307.94,
1023,2025-03-30 23:58:34.678375,2025-03-30 23:58:34.678375,2025.0,3.0,30.0,23.0,58.0,34.0,19.69,35.435,1307.94,
1024,2025-03-30 23:58:49.677856,2025-03-30 23:58:49.677856,2025.0,3.0,30.0,23.0,58.0,49.0,19.69,35.435,1307.94,
1025,2025-03-30 23:59:04.677543,2025-03-30 23:59:04.677543,2025.0,3.0,30.0,23.0,59.0,4.0,19.69,35.435,1307.94,
1026,2025-03-30 23:59:19.677997,2025-03-30 23:59:19.677997,2025.0,3.0,30.0,23.0,59.0,19.0,19.69,35.435,1307.94,
1027,2025-03-30 23:59:34.677787,2025-03-30 23:59:34.677787,2025.0,3.0,30.0,23.0,59.0,34.0,19.69,35.435,1307.94,
1028,2025-03-30 23:59:49.678105,2025-03-30 23:59:49.678105,2025.0,3.0,30.0,23.0,59.0,49.0,19.69,35.435,1307.94,
